urn,local_authority,inspection_link,pdf_filename,publication_date,inspection_framework,inspector_name,inspection_start_date,inspection_end_date,overall_effectiveness_grade,impact_of_leaders_grade,help_and_protection_grade,in_care_grade,care_leavers_grade,parser_version
2532283,dorset,https://files.ofsted.gov.uk/v1/file/50276411,children's services inspection - 09 may 2025.pdf,09/05/25,short,Sarah Canto,17/03/2025,21/03/2025,outstanding,outstanding,outstanding,outstanding,good,1
2532283,dorset,https://files.ofsted.gov.uk/v1/file/50172438,children's services inspection - 19 november 2021.pdf,19/11/21,standard,Steve Lowe,27/09/2021,08/10/2021,good,outstanding,good,good,inspection_pre_dates_judgement,1
2532287,"bournemouth, christchurch & poole",https://files.ofsted.gov.uk/v1/file/50267804,children's services inspection - 29 january 2025.pdf,29/01/25,standard,John Roughton,02/12/2024,13/12/2024,good,good,good,good,requires improvement,1
2532287,"bournemouth, christchurch & poole",https://files.ofsted.gov.uk/v1/file/50177455,children's services inspection - 11 february 2022.pdf,11/02/22,standard,Steve Lowe,06/12/2021,17/12/2021,inadequate,inadequate,inadequate,requires improvement,inspection_pre_dates_judgement,1
2637539,north northamptonshire,https://files.ofsted.gov.uk/v1/file/50306548,children's services inspection - 07 july 2026.pdf,07/07/26,standard,David Cohen,11/05/2026,22/05/2026,not_reported_post_reform,outstanding,good,good,good,1
2637539,north northamptonshire,https://files.ofsted.gov.uk/v1/file/50200024,children's services inspection - 25 november 2022.pdf,25/11/22,standard,Alison Smale,03/10/2022,14/10/2022,requires improvement,requires improvement,requires improvement,requires improvement,inspection_pre_dates_judgement,1
2637548,west northamptonshire,https://files.ofsted.gov.uk/v1/file/50306547,children's services inspection - 07 july 2026.pdf,07/07/26,standard,Rebecca Dubbins,11/05/2026,22/05/2026,not_reported_post_reform,outstanding,good,good,good,1
2637548,west northamptonshire,https://files.ofsted.gov.uk/v1/file/50200026,children's services inspection - 25 november 2022.pdf,25/11/22,standard,Alison Smale,03/10/2022,14/10/2022,requires improvement,requires improvement,requires improvement,requires improvement,inspection_pre_dates_judgement,1
2733690,cumberland,https://files.ofsted.gov.uk/v1/file/50262710,children's services inspection - 26 november 2024.pdf,26/11/24,standard,Lisa Walsh,07/10/2024,18/10/2024,good,good,requires improvement,good,good,1
2733698,westmorland and furness,https://files.ofsted.gov.uk/v1/file/50252261,children's services inspection - 12 july 2024.pdf,12/07/24,standard,Kathryn Grindrod,22/04/2024,03/05/2024,good,good,good,good,requires improvement,1
80418,norfolk,https://files.ofsted.gov.uk/v1/file/50301680,children's services inspection - 18 may 2026.pdf,18/05/26,short,Rodica Cobarzan,23/02/2026,27/02/2026,outstanding,outstanding,outstanding,outstanding,outstanding,1
80418,norfolk,https://files.ofsted.gov.uk/v1/file/50204404,children's services inspection - 13 january 2023.pdf,13/01/23,standard,Margaret Burke,07/11/2022,18/11/2022,good,good,good,good,inspection_pre_dates_judgement,1
80418,norfolk,https://files.ofsted.gov.uk/v1/file/50000266,children's services inspection - 19 january 2018.pdf,19/01/18,,,,,,data_unreadable,data_unreadable,data_unreadable,data_unreadable,1
80418,norfolk,https://files.ofsted.gov.uk/v1/file/50004306,children's services inspection - 20 october 2015.pdf,20/10/15,,,,,,data_unreadable,data_unreadable,data_unreadable,data_unreadable,1
80418,norfolk,https://files.ofsted.gov.uk/v1/file/50004248,"children's services inspection,  pdf - 16 august 2013.pdf",16/08/13,,,,,data_unreadable,data_unreadable,data_unreadable,data_unreadable,data_unreadable,1
80419,isle of wight,https://files.ofsted.gov.uk/v1/file/50235617,children's services inspection - 15 december 2023.pdf,15/12/23,short,Amanda Maxwell,30/10/2023,03/11/2023,good,good,requires improvement,good,good,1
80419,isle of wight,https://files.ofsted.gov.uk/v1/file/50048228,children's services inspection - 07 january 2019.pdf,07/01/19,standard,Tracey Scott,19/11/2018,30/11/2018,good,good,good,good,inspection_pre_dates_judgement,1
80419,isle of wight,https://files.ofsted.gov.uk/v1/file/50004283,children's services inspection - 19 november 2014.pdf,19/11/14,,,,,,data_unreadable,data_unreadable,data_unreadable,data_unreadable,1
80426,barnsley,https://files.ofsted.gov.uk/v1/file/50231520,children's services inspection - 27 october 2023.pdf,27/10/23,short,Anna Gravelle,11/09/2023,15/09/2023,good,good,requires improvement,good,good,1
80426,barnsley,https://files.ofsted.gov.uk/v1/file/50038886,children's services inspection - 19 november 2018.pdf,19/11/18,standard,Jan Edwards,08/10/2018,19/10/2018,good,good,good,good,inspection_pre_dates_judgement,1
80426,barnsley,https://files.ofsted.gov.uk/v1/file/50004276,children's services inspection - 08 august 2014.pdf,08/08/14,,,,,,data_unreadable,data_unreadable,data_unreadable,data_unreadable,1
80427,bath and north east somerset,https://files.ofsted.gov.uk/v1/file/50283932,children's services inspection - 05 august 2025.pdf,05/08/25,short,Amanda Maxwell,09/06/2025,13/06/2025,good,good,good,good,good,1
80427,bath and north east somerset,https://files.ofsted.gov.uk/v1/file/50181505,children's services inspection - 19 april 2022.pdf,19/04/22,short,Steve Lowe,28/02/2022,04/03/2022,good,good,good,good,inspection_pre_dates_judgement,1
80427,bath and north east somerset,https://files.ofsted.gov.uk/v1/file/50004386,children's services inspection - 07 july 2017.pdf,07/07/17,,,,,,data_unreadable,data_unreadable,data_unreadable,data_unreadable,1
80428,bedford,https://files.ofsted.gov.uk/v1/file/50285308,children's services inspection - 27 august 2025.pdf,27/08/25,short,Amanda Maxwell,14/07/2025,18/07/2025,requires improvement,requires improvement,requires improvement,requires improvement,requires improvement,1
80428,bedford,https://files.ofsted.gov.uk/v1/file/50175284,children's services inspection - 14 january 2022.pdf,14/01/22,standard,Margaret Burke,15/11/2021,26/11/2021,good,good,good,good,inspection_pre_dates_judgement,1
80428,bedford,https://files.ofsted.gov.uk/v1/file/50004367,children's services inspection - 07 april 2017.pdf,07/04/17,,,,,,data_unreadable,data_unreadable,data_unreadable,data_unreadable,1
80429,birmingham,https://files.ofsted.gov.uk/v1/file/50214110,children's services inspection - 18 april 2023.pdf,18/04/23,standard,John Roughton,20/02/2023,03/03/2023,good,good,good,good,good,1
80429,birmingham,https://files.ofsted.gov.uk/v1/file/50050254,children's services inspection - 17 january 2019.pdf,17/01/19,standard,Pauline Higham,03/12/2018,14/12/2018,requires improvement,requires improvement,requires improvement,requires improvement,inspection_pre_dates_judgement,1
80429,birmingham,https://files.ofsted.gov.uk/v1/file/50004352,children's services inspection - 25 november 2016.pdf,25/11/16,,,,,,data_unreadable,data_unreadable,data_unreadable,data_unreadable,1
80429,birmingham,https://files.ofsted.gov.uk/v1/file/50004265,children's services inspection - 23 may 2014.pdf,23/05/14,,,,,,data_unreadable,data_unreadable,data_unreadable,data_unreadable,1
80429,birmingham,https://files.ofsted.gov.uk/v1/file/50004190,children's services inspection - 19 october 2012.pdf,19/10/12,,,,,data_unreadable,data_unreadable,data_unreadable,data_unreadable,data_unreadable,1
80430,blackburn with darwen,https://files.ofsted.gov.uk/v1/file/50275023,children's services inspection - 23 april 2025.pdf,23/04/25,standard,Gareth Dakin,03/03/2025,14/03/2025,good,good,good,good,requires improvement,1
80430,blackburn with darwen,https://files.ofsted.gov.uk/v1/file/50179542,children's services inspection - 18 march 2022.pdf,18/03/22,standard,Kathryn Grindrod,24/01/2022,04/02/2022,requires improvement,requires improvement,requires improvement,requires improvement,inspection_pre_dates_judgement,1
80430,blackburn with darwen,https://files.ofsted.gov.uk/v1/file/50004407,children's services inspection - 08 december 2017.pdf,08/12/17,,,,,,data_unreadable,data_unreadable,data_unreadable,data_unreadable,1
80431,blackpool,https://files.ofsted.gov.uk/v1/file/50308110,children's services inspection - 28 july 2026.pdf,28/07/26,standard,Margaret Burke,08/06/2026,19/06/2026,not_reported_post_reform,outstanding,good,outstanding,outstanding,1
80431,blackpool,https://files.ofsted.gov.uk/v1/file/50206631,children's services inspection - 01 february 2023.pdf,01/02/23,standard,Lisa Summers,05/12/2022,16/12/2022,requires improvement,requires improvement,requires improvement,good,inspection_pre_dates_judgement,1
80431,blackpool,https://files.ofsted.gov.uk/v1/file/50050255,children's services inspection - 17 january 2019.pdf,17/01/19,standard,Lorna Schlechte,26/11/2018,07/12/2018,inadequate,inadequate,inadequate,requires improvement,inspection_pre_dates_judgement,1
80431,blackpool,https://files.ofsted.gov.uk/v1/file/50004282,children's services inspection - 08 september 2014.pdf,08/09/14,,,,,,data_unreadable,data_unreadable,data_unreadable,data_unreadable,1
80431,blackpool,https://files.ofsted.gov.uk/v1/file/50004178,children's services inspection - 13 july 2012.pdf,13/07/12,,,,,data_unreadable,data_unreadable,data_unreadable,data_unreadable,data_unreadable,1
80432,bolton,https://files.ofsted.gov.uk/v1/file/50231519,children's services inspection - 27 october 2023.pdf,27/10/23,short,Lisa Walsh,11/09/2023,15/09/2023,good,good,requires improvement,good,good,1
80432,bolton,https://files.ofsted.gov.uk/v1/file/50004465,children's services inspection - 12 june 2018.pdf,12/06/18,standard,John Roughton,23/04/2018,04/05/2018,good,good,good,good,inspection_pre_dates_judgement,1
80432,bolton,https://files.ofsted.gov.uk/v1/file/50004258,children's services inspection - 21 march 2014.pdf,21/03/14,,,,,,data_unreadable,data_unreadable,data_unreadable,data_unreadable,1
80436,bracknell forest,https://files.ofsted.gov.uk/v1/file/50294205,children's services inspection - 28 january 2026.pdf,28/01/26,short,Naintara Khosla,08/12/2025,12/12/2025,outstanding,outstanding,outstanding,outstanding,outstanding,1
80436,bracknell forest,https://files.ofsted.gov.uk/v1/file/50189673,children's services inspection - 29 july 2022.pdf,29/07/22,short,Amanda Maxwell,13/06/2022,17/06/2022,outstanding,outstanding,outstanding,good,inspection_pre_dates_judgement,1
80436,bracknell forest,https://files.ofsted.gov.uk/v1/file/50004390,children's services inspection - 14 july 2017.pdf,14/07/17,,,,,,data_unreadable,data_unreadable,data_unreadable,data_unreadable,1
80438,brighton and hove,https://files.ofsted.gov.uk/v1/file/50246981,children's services inspection - 16 may 2024.pdf,16/05/24,,Máire Atherton,,,outstanding,outstanding,good,outstanding,outstanding,1
80438,brighton and hove,https://files.ofsted.gov.uk/v1/file/50014166,children's services inspection - 21 august 2018.pdf,21/08/18,standard,Tara Geere,09/07/2018,20/07/2018,good,good,requires improvement,good,inspection_pre_dates_judgement,1
80438,brighton and hove,https://files.ofsted.gov.uk/v1/file/50004297,children's services inspection - 22 june 2015.pdf,22/06/15,,,,,,data_unreadable,data_unreadable,data_unreadable,data_unreadable,1
80441,bristol,https://files.ofsted.gov.uk/v1/file/50210578,children's services inspection - 10 march 2023.pdf,10/03/23,standard,Tracey Ledder,16/01/2023,27/01/2023,requires improvement,requires improvement,requires improvement,good,good,1
80441,bristol,https://files.ofsted.gov.uk/v1/file/50033714,children's services inspection - 22 october 2018.pdf,22/10/18,standard,Joy Howick,10/09/2018,21/09/2018,requires improvement,good,requires improvement,requires improvement,inspection_pre_dates_judgement,1
80441,bristol,https://files.ofsted.gov.uk/v1/file/2765686,children's services inspection - 05 december 2014.pdf,05/12/14,,,,,,data_unreadable,data_unreadable,data_unreadable,data_unreadable,1
80442,buckinghamshire,https://files.ofsted.gov.uk/v1/file/50276975,children's services inspection - 14 may 2025.pdf,14/05/25,standard,Nick Bennison,27/01/2025,07/02/2025,requires improvement,requires improvement,requires improvement,good,requires improvement,1
80442,buckinghamshire,https://files.ofsted.gov.uk/v1/file/50177454,children's services inspection - 11 february 2022.pdf,11/02/22,standard,Nick Stacey,06/12/2021,17/12/2021,requires improvement,requires improvement,requires improvement,requires improvement,inspection_pre_dates_judgement,1
80442,buckinghamshire,https://files.ofsted.gov.uk/v1/file/50004412,children's services inspection - 29 january 2018.pdf,29/01/18,,,,,,data_unreadable,data_unreadable,data_unreadable,data_unreadable,1
80442,buckinghamshire,https://files.ofsted.gov.uk/v1/file/50004277,children's services inspection - 08 august 2014.pdf,08/08/14,,,,,,data_unreadable,data_unreadable,data_unreadable,data_unreadable,1
80443,bury,https://files.ofsted.gov.uk/v1/file/50283347,children's services inspection - 29 july 2025.pdf,29/07/25,standard,Rebecca Dubbins,09/06/2025,20/06/2025,requires improvement,good,requires improvement,requires improvement,requires improvement,1
80443,bury,https://files.ofsted.gov.uk/v1/file/50174207,children's services inspection - 17 december 2021.pdf,17/12/21,standard,Lorna Schlechte,25/10/2021,05/11/2021,inadequate,inadequate,inadequate,requires improvement,inspection_pre_dates_judgement,1
80443,bury,https://files.ofsted.gov.uk/v1/file/50004321,children's services inspection - 16 may 2016.pdf,16/05/16,,,,,,data_unreadable,data_unreadable,data_unreadable,data_unreadable,1
80444,calderdale,https://files.ofsted.gov.uk/v1/file/50246982,children's services inspection - 15 may 2024.pdf,15/05/24,short,Naintara Khosla,19/02/2024,23/02/2024,good,good,good,good,good,1
80444,calderdale,https://files.ofsted.gov.uk/v1/file/50045446,children's services inspection - 19 december 2018.pdf,19/12/18,standard,Lisa Summers,12/11/2018,23/11/2018,good,good,requires improvement,outstanding,inspection_pre_dates_judgement,1
80444,calderdale,https://files.ofsted.gov.uk/v1/file/50004288,children's services inspection - 20 march 2015.pdf,20/03/15,,,,,,data_unreadable,data_unreadable,data_unreadable,data_unreadable,1
80445,cambridgeshire,https://files.ofsted.gov.uk/v1/file/50247204,children's services inspection - 16 may 2024.pdf,16/05/24,standard,Lisa Walsh,04/03/2024,15/03/2024,requires improvement,requires improvement,requires improvement,requires improvement,requires improvement,1
80445,cambridgeshire,https://files.ofsted.gov.uk/v1/file/50056032,children's services inspection - 18 february 2019.pdf,18/02/19,short,Dominic Stevens,14/01/2019,18/01/2019,requires improvement,good,requires improvement,requires improvement,inspection_pre_dates_judgement,1
80445,cambridgeshire,https://files.ofsted.gov.uk/v1/file/50004278,children's services inspection - 08 august 2014.pdf,08/08/14,,,,,,data_unreadable,data_unreadable,data_unreadable,data_unreadable,1
80446,central bedfordshire,https://files.ofsted.gov.uk/v1/file/50275136,children's services inspection - 24 april 2025.pdf,24/04/25,short,Rebecca Quested,10/03/2025,14/03/2025,good,good,good,good,good,1
80446,central bedfordshire,https://files.ofsted.gov.uk/v1/file/50178619,children's services inspection - 04 march 2022.pdf,04/03/22,short,Margaret Burke,17/01/2022,21/01/2022,good,good,good,good,inspection_pre_dates_judgement,1
80446,central bedfordshire,https://files.ofsted.gov.uk/v1/file/50004395,children's services inspection - 25 august 2017.pdf,25/08/17,,,,,,data_unreadable,data_unreadable,data_unreadable,data_unreadable,1
80447,cheshire east,https://files.ofsted.gov.uk/v1/file/50247203,children's services inspection - 16 may 2024.pdf,16/05/24,standard,Teresa Godfrey,26/02/2024,08/03/2024,inadequate,requires improvement,requires improvement,requires improvement,inadequate,1
80447,cheshire east,https://files.ofsted.gov.uk/v1/file/50141243,children's services inspection - 09 january 2020.pdf,09/01/20,standard,Shabana Abasi,18/11/2019,29/11/2019,requires improvement,requires improvement,requires improvement,requires improvement,inspection_pre_dates_judgement,1
80447,cheshire east,https://files.ofsted.gov.uk/v1/file/50004304,children's services inspection - 15 september 2015.pdf,15/09/15,,,,,,data_unreadable,data_unreadable,data_unreadable,data_unreadable,1
80448,cheshire west and chester,https://files.ofsted.gov.uk/v1/file/50255617,children's services inspection - 28 august 2024.pdf,28/08/24,short,Alison Smale,15/07/2024,19/07/2024,requires improvement,requires improvement,requires improvement,good,requires improvement,1
80448,cheshire west and chester,https://files.ofsted.gov.uk/v1/file/50074948,children's services inspection - 08 may 2019.pdf,08/05/19,short,Mandy Nightingale,18/03/2019,22/03/2019,good,good,good,good,inspection_pre_dates_judgement,1
80448,cheshire west and chester,https://files.ofsted.gov.uk/v1/file/50004313,children's services inspection - 19 february 2016.pdf,19/02/16,,,,,,data_unreadable,data_unreadable,data_unreadable,data_unreadable,1
80449,bradford,https://files.ofsted.gov.uk/v1/file/50302265,children's services inspection - 21 may 2026.pdf,21/05/26,standard,Catherine Heron,12/01/2026,23/01/2026,requires improvement,good,requires improvement,requires improvement,good,1
80449,bradford,https://files.ofsted.gov.uk/v1/file/50206434,children's services inspection - 31 january 2023.pdf,31/01/23,standard,Matt Reed,21/11/2022,02/12/2022,inadequate,inadequate,inadequate,inadequate,inspection_pre_dates_judgement,1
80449,bradford,https://files.ofsted.gov.uk/v1/file/50035108,children's services inspection - 29 october 2018.pdf,29/10/18,standard,Neil Penswick,17/09/2018,28/09/2018,inadequate,requires improvement,inadequate,requires improvement,inspection_pre_dates_judgement,1
80449,bradford,https://files.ofsted.gov.uk/v1/file/50004264,children's services inspection - 23 may 2014.pdf,23/05/14,,,,,,data_unreadable,data_unreadable,data_unreadable,data_unreadable,1
80450,london corporation,https://files.ofsted.gov.uk/v1/file/50260648,children's services inspection - 05 november 2024.pdf,05/11/24,short,Christine Kennet,23/09/2024,27/09/2024,outstanding,outstanding,good,outstanding,outstanding,1
80450,london corporation,https://files.ofsted.gov.uk/v1/file/50149902,children's services inspection - 06 april 2020.pdf,06/04/20,short,Matt Reed,02/03/2020,06/03/2020,outstanding,outstanding,good,outstanding,inspection_pre_dates_judgement,1
80450,london corporation,https://files.ofsted.gov.uk/v1/file/50004339,children's services inspection - 20 september 2016.pdf,20/09/16,,,,,,data_unreadable,data_unreadable,data_unreadable,data_unreadable,1
80451,wakefield,https://files.ofsted.gov.uk/v1/file/50282475,children's services inspection - 18 july 2025.pdf,18/07/25,short,Christine Kennet,24/03/2025,28/03/2025,good,good,good,outstanding,requires improvement,1
80451,wakefield,https://files.ofsted.gov.uk/v1/file/50174905,children's services inspection - 05 january 2022.pdf,05/01/22,standard,Victoria Horsefield,08/11/2021,19/11/2021,good,outstanding,good,good,inspection_pre_dates_judgement,1
80451,wakefield,https://files.ofsted.gov.uk/v1/file/50004490,children's services inspection - 17 july 2018.pdf,17/07/18,standard,Neil Penswick,04/06/2018,15/06/2018,inadequate,inadequate,inadequate,inadequate,inspection_pre_dates_judgement,1
80451,wakefield,https://files.ofsted.gov.uk/v1/file/2760660,children's services inspection - 20 september 2016.pdf,20/09/16,,,,,,data_unreadable,data_unreadable,data_unreadable,data_unreadable,1
80453,york,https://files.ofsted.gov.uk/v1/file/50274368,children's services inspection - 15 april 2025.pdf,15/04/25,standard,Rachel Fairhurst,24/02/2025,07/03/2025,outstanding,outstanding,outstanding,outstanding,outstanding,1
80453,york,https://files.ofsted.gov.uk/v1/file/50182483,children's services inspection - 04 may 2022.pdf,04/05/22,standard,Matt Reed,07/03/2022,18/03/2022,requires improvement,requires improvement,requires improvement,requires improvement,inspection_pre_dates_judgement,1
80453,york,https://files.ofsted.gov.uk/v1/file/50035555,children's services inspection - 07 february 2017.pdf,07/02/17,,,,,,data_unreadable,data_unreadable,data_unreadable,data_unreadable,1
80454,cornwall,https://files.ofsted.gov.uk/v1/file/50255376,children's services inspection - 22 august 2024.pdf,22/08/24,short,Sarah Canto,01/07/2024,05/07/2024,good,good,good,good,outstanding,1
80454,cornwall,https://files.ofsted.gov.uk/v1/file/50122097,children's services inspection - 05 november 2019.pdf,05/11/19,short,Emmy Tomsett,14/10/2019,18/10/2019,outstanding,outstanding,good,outstanding,inspection_pre_dates_judgement,1
80454,cornwall,https://files.ofsted.gov.uk/v1/file/50004326,children's services inspection - 27 june 2016.pdf,27/06/16,,,,,,data_unreadable,data_unreadable,data_unreadable,data_unreadable,1
80455,isles of scilly,https://files.ofsted.gov.uk/v1/file/50226696,children's services inspection - 25 august 2023.pdf,25/08/23,short,Tracey Ledder,11/07/2023,13/07/2023,inadequate,inadequate,inadequate,requires improvement,requires improvement,1
80455,isles of scilly,https://files.ofsted.gov.uk/v1/file/50135438,children's services inspection - 19 december 2019.pdf,19/12/19,short,Joy Howick,14/10/2019,18/10/2019,good,outstanding,good,good,inspection_pre_dates_judgement,1
80455,isles of scilly,https://files.ofsted.gov.uk/v1/file/50004325,children's services inspection - 27 june 2016.pdf,27/06/16,,,,,,data_unreadable,data_unreadable,data_unreadable,data_unreadable,1
80456,coventry,https://files.ofsted.gov.uk/v1/file/50301676,children's services inspection - 18 may 2026.pdf,18/05/26,short,Sophie Wales,09/03/2026,13/03/2026,outstanding,outstanding,good,outstanding,outstanding,1
80456,coventry,https://files.ofsted.gov.uk/v1/file/50190643,children's services inspection - 12 august 2022.pdf,12/08/22,standard,Nick Bennison,20/06/2022,01/07/2022,good,good,good,good,inspection_pre_dates_judgement,1
80456,coventry,https://files.ofsted.gov.uk/v1/file/50004379,children's services inspection - 13 june 2017.pdf,13/06/17,,,,,,data_unreadable,data_unreadable,data_unreadable,data_unreadable,1
80456,coventry,https://files.ofsted.gov.uk/v1/file/50004259,children's services inspection - 21 march 2014.pdf,21/03/14,,,,,,data_unreadable,data_unreadable,data_unreadable,data_unreadable,1
80458,darlington,https://files.ofsted.gov.uk/v1/file/50298056,children's services inspection - 24 march 2026.pdf,24/03/26,short,Gareth Dakin,09/02/2026,13/02/2026,outstanding,outstanding,good,outstanding,outstanding,1
80458,darlington,https://files.ofsted.gov.uk/v1/file/50200877,children's services inspection - 02 december 2022.pdf,02/12/22,standard,Vicky Metheringham,10/10/2022,21/10/2022,good,good,good,outstanding,inspection_pre_dates_judgement,1
80458,darlington,https://files.ofsted.gov.uk/v1/file/50004447,children's services inspection - 21 may 2018.pdf,21/05/18,,,,,,data_unreadable,data_unreadable,data_unreadable,data_unreadable,1
80458,darlington,https://files.ofsted.gov.uk/v1/file/50004303,children's services inspection - 01 september 2015.pdf,01/09/15,,,,,,data_unreadable,data_unreadable,data_unreadable,data_unreadable,1
80459,derby,https://files.ofsted.gov.uk/v1/file/50281395,children's services inspection - 08 july 2025.pdf,08/07/25,short,Margaret Burke,19/05/2025,23/05/2025,outstanding,outstanding,outstanding,outstanding,outstanding,1
80459,derby,https://files.ofsted.gov.uk/v1/file/50183218,children's services inspection - 11 may 2022.pdf,11/05/22,short,Julie Knight,21/03/2022,25/03/2022,outstanding,outstanding,outstanding,good,inspection_pre_dates_judgement,1
80459,derby,https://files.ofsted.gov.uk/v1/file/50004376,children's services inspection - 13 june 2017.pdf,13/06/17,,,,,,data_unreadable,data_unreadable,data_unreadable,data_unreadable,1
80460,derbyshire,https://files.ofsted.gov.uk/v1/file/50237006,children's services inspection - 12 january 2024.pdf,12/01/24,standard,John Roughton,30/10/2023,10/11/2023,good,good,good,good,good,1
80460,derbyshire,https://files.ofsted.gov.uk/v1/file/50110094,children's services inspection - 19 september 2019.pdf,19/09/19,short,Julie Knight,08/07/2019,12/07/2019,requires improvement,good,requires improvement,requires improvement,inspection_pre_dates_judgement,1
80460,derbyshire,https://files.ofsted.gov.uk/v1/file/50004255,children's services inspection - 11 february 2014.pdf,11/02/14,,,,,,data_unreadable,data_unreadable,data_unreadable,data_unreadable,1
80461,devon,https://files.ofsted.gov.uk/v1/file/50276862,children's services inspection - 13 may 2025.pdf,13/05/25,standard,,30/09/2024,11/10/2024,inadequate,requires improvement,inadequate,inadequate,inadequate,1
80461,devon,https://files.ofsted.gov.uk/v1/file/50149435,children's services inspection - 17 march 2020.pdf,17/03/20,standard,Steve Lowe,20/01/2020,31/01/2020,inadequate,inadequate,requires improvement,inadequate,inspection_pre_dates_judgement,1
80461,devon,https://files.ofsted.gov.uk/v1/file/50004292,children's services inspection - 12 may 2015.pdf,12/05/15,,,,,,data_unreadable,data_unreadable,data_unreadable,data_unreadable,1
80462,doncaster,https://files.ofsted.gov.uk/v1/file/50271937,children's services inspection - 18 march 2025.pdf,18/03/25,standard,Catherine Heron,20/01/2025,31/01/2025,good,good,good,good,requires improvement,1
80462,doncaster,https://files.ofsted.gov.uk/v1/file/50181024,children's services inspection - 08 april 2022.pdf,08/04/22,standard,Tom Anthony,14/02/2022,25/02/2022,requires improvement,inadequate,requires improvement,requires improvement,inspection_pre_dates_judgement,1
80462,doncaster,https://files.ofsted.gov.uk/v1/file/50000268,children's services inspection - 19 january 2018.pdf,19/01/18,standard,,09/11/2017,24/11/2017,,data_unreadable,data_unreadable,data_unreadable,inspection_pre_dates_judgement,1
80462,doncaster,https://files.ofsted.gov.uk/v1/file/50004307,children's services inspection - 27 november 2015.pdf,27/11/15,,,,,,data_unreadable,data_unreadable,data_unreadable,data_unreadable,1
80464,dudley,https://files.ofsted.gov.uk/v1/file/50204402,children's services inspection - 13 january 2023.pdf,13/01/23,standard,John Roughton,31/10/2022,11/11/2022,requires improvement,requires improvement,requires improvement,requires improvement,inspection_pre_dates_judgement,1
80464,dudley,https://files.ofsted.gov.uk/v1/file/50042967,children's services inspection - 10 december 2018.pdf,10/12/18,standard,Peter McEntee,29/10/2018,09/11/2018,requires improvement,good,requires improvement,good,inspection_pre_dates_judgement,1
80464,dudley,https://files.ofsted.gov.uk/v1/file/50004318,children's services inspection - 05 april 2016.pdf,05/04/16,,,,,,data_unreadable,data_unreadable,data_unreadable,data_unreadable,1
80465,durham,https://files.ofsted.gov.uk/v1/file/50276863,children's services inspection - 13 may 2025.pdf,13/05/25,short,Ceri Evans,24/03/2025,28/03/2025,outstanding,outstanding,good,outstanding,outstanding,1
80465,durham,https://files.ofsted.gov.uk/v1/file/50187560,children's services inspection - 05 july 2022.pdf,05/07/22,standard,Louise Hollick,09/05/2022,20/05/2022,good,outstanding,good,good,inspection_pre_dates_judgement,1
80465,durham,https://files.ofsted.gov.uk/v1/file/50117737,children's services inspection - 21 october 2019.pdf,21/10/19,standard,Rachel Holden,09/09/2019,20/09/2019,requires improvement,requires improvement,requires improvement,good,inspection_pre_dates_judgement,1
80465,durham,https://files.ofsted.gov.uk/v1/file/50004322,children's services inspection - 16 may 2016.pdf,16/05/16,,,,,,data_unreadable,data_unreadable,data_unreadable,data_unreadable,1
80466,east riding of yorkshire,https://files.ofsted.gov.uk/v1/file/50212242,children's services inspection - 24 march 2023.pdf,24/03/23,standard,Louise Walker,30/01/2023,10/02/2023,good,good,good,good,requires improvement,1
80466,east riding of yorkshire,https://files.ofsted.gov.uk/v1/file/50148936,children's services inspection - 13 march 2020.pdf,13/03/20,short,Neil Penswick,02/12/2019,06/12/2019,inadequate,inadequate,inadequate,good,inspection_pre_dates_judgement,1
80466,east riding of yorkshire,https://files.ofsted.gov.uk/v1/file/50004359,children's services inspection - 13 february 2017.pdf,13/02/17,,,,,,data_unreadable,data_unreadable,data_unreadable,data_unreadable,1
80467,east sussex,https://files.ofsted.gov.uk/v1/file/50239111,children's services inspection - 06 february 2024.pdf,06/02/24,short,Tom Anthony,11/12/2023,15/12/2023,good,good,good,outstanding,good,1
80467,east sussex,https://files.ofsted.gov.uk/v1/file/50018662,children's services inspection - 04 september 2018.pdf,04/09/18,short,Mandy Nightingale,16/07/2018,20/07/2018,outstanding,outstanding,good,outstanding,inspection_pre_dates_judgement,1
80467,east sussex,https://files.ofsted.gov.uk/v1/file/50004260,children's services inspection - 21 march 2014.pdf,21/03/14,,,,,,data_unreadable,data_unreadable,data_unreadable,data_unreadable,1
80468,essex,https://files.ofsted.gov.uk/v1/file/50225703,children's services inspection - 11 august 2023.pdf,11/08/23,short,Kendra Bell,26/06/2023,30/06/2023,outstanding,outstanding,outstanding,outstanding,outstanding,1
80468,essex,https://files.ofsted.gov.uk/v1/file/50048231,children's services inspection - 07 january 2019.pdf,07/01/19,short,Tara Geere,19/11/2018,23/11/2018,outstanding,outstanding,outstanding,good,inspection_pre_dates_judgement,1
80468,essex,https://files.ofsted.gov.uk/v1/file/50004261,children's services inspection - 21 march 2014.pdf,21/03/14,,,,,,data_unreadable,data_unreadable,data_unreadable,data_unreadable,1
80469,gateshead,https://files.ofsted.gov.uk/v1/file/50267802,children's services inspection - 29 january 2025.pdf,29/01/25,short,Rachel Fairhurst,02/12/2024,06/12/2024,good,good,good,good,good,1
80469,gateshead,https://files.ofsted.gov.uk/v1/file/50083971,children's services inspection - 11 june 2019.pdf,11/06/19,short,Jan Edwards,29/04/2019,03/05/2019,good,good,good,good,inspection_pre_dates_judgement,1
80469,gateshead,https://files.ofsted.gov.uk/v1/file/2764578,children's services inspection - 11 march 2016.pdf,11/03/16,,,,,,data_unreadable,data_unreadable,data_unreadable,data_unreadable,1
80470,gloucestershire,https://files.ofsted.gov.uk/v1/file/50283717,children's services inspection - 04 august 2025.pdf,04/08/25,standard,Sophie Wales,09/06/2025,20/06/2025,good,outstanding,good,outstanding,good,1
80470,gloucestershire,https://files.ofsted.gov.uk/v1/file/50180552,children's services inspection - 01 april 2022.pdf,01/04/22,standard,Andrew Waugh,07/02/2022,18/02/2022,requires improvement,requires improvement,requires improvement,requires improvement,inspection_pre_dates_judgement,1
80470,gloucestershire,https://files.ofsted.gov.uk/v1/file/50004377,children's services inspection - 13 june 2017.pdf,13/06/17,,,,,,data_unreadable,data_unreadable,data_unreadable,data_unreadable,1
80471,halton,https://files.ofsted.gov.uk/v1/file/50252259,children's services inspection - 12 july 2024.pdf,12/07/24,standard,Lisa Summers,13/05/2024,24/05/2024,inadequate,inadequate,inadequate,inadequate,inadequate,1
80471,halton,https://files.ofsted.gov.uk/v1/file/50150003,children's services inspection - 15 april 2020.pdf,15/04/20,standard,Shabana Abasi,02/03/2020,13/03/2020,requires improvement,requires improvement,requires improvement,requires improvement,inspection_pre_dates_judgement,1
80471,halton,https://files.ofsted.gov.uk/v1/file/50004286,children's services inspection - 03 february 2015.pdf,03/02/15,,,,,,data_unreadable,data_unreadable,data_unreadable,data_unreadable,1
80472,hampshire,https://files.ofsted.gov.uk/v1/file/50253183,children's services inspection - 23 july 2024.pdf,23/07/24,short,Kendra Bell,10/06/2024,14/06/2024,outstanding,outstanding,outstanding,outstanding,good,1
80472,hampshire,https://files.ofsted.gov.uk/v1/file/50083968,children's services inspection - 11 june 2019.pdf,11/06/19,short,Donna Marriott,29/04/2019,03/05/2019,outstanding,outstanding,outstanding,outstanding,inspection_pre_dates_judgement,1
80472,hampshire,https://files.ofsted.gov.uk/v1/file/2764330,children's services inspection - 22 april 2014.pdf,22/04/14,,,,,,data_unreadable,data_unreadable,data_unreadable,data_unreadable,1
80473,hartlepool,https://files.ofsted.gov.uk/v1/file/50247208,children's services inspection - 16 may 2024.pdf,16/05/24,short,Louise Walker,18/03/2024,22/03/2024,outstanding,outstanding,outstanding,outstanding,good,1
80473,hartlepool,https://files.ofsted.gov.uk/v1/file/50016457,children's services inspection - 28 august 2018.pdf,28/08/18,short,Tracey Metcalfe,23/07/2018,27/07/2018,good,good,good,outstanding,inspection_pre_dates_judgement,1
80473,hartlepool,https://files.ofsted.gov.uk/v1/file/50004256,children's services inspection - 11 february 2014.pdf,11/02/14,,,,,,data_unreadable,data_unreadable,data_unreadable,data_unreadable,1
80474,herefordshire,https://files.ofsted.gov.uk/v1/file/50293401,children's services inspection - 12 january 2026.pdf,12/01/26,standard,Rebecca Dubbins,10/11/2025,21/11/2025,good,outstanding,good,good,good,1
80474,herefordshire,https://files.ofsted.gov.uk/v1/file/50192875,children's services inspection - 21 september 2022.pdf,21/09/22,standard,Lisa Summers,18/07/2022,29/07/2022,inadequate,inadequate,inadequate,inadequate,inspection_pre_dates_judgement,1
80474,herefordshire,https://files.ofsted.gov.uk/v1/file/50006281,children's services inspection - 23 july 2018.pdf,23/07/18,standard,Pauline Higham,11/06/2018,22/06/2018,requires improvement,inadequate,requires improvement,requires improvement,inspection_pre_dates_judgement,1
80474,herefordshire,https://files.ofsted.gov.uk/v1/file/50004272,children's services inspection - 30 june 2014.pdf,30/06/14,,,,,,data_unreadable,data_unreadable,data_unreadable,data_unreadable,1
80475,hertfordshire,https://files.ofsted.gov.uk/v1/file/50210577,children's services inspection - 10 march 2023.pdf,10/03/23,short,Sarah Canto,23/01/2023,27/01/2023,outstanding,outstanding,good,outstanding,good,1
80475,hertfordshire,https://files.ofsted.gov.uk/v1/file/50038887,children's services inspection - 19 november 2018.pdf,19/11/18,short,Nigel Parkes,15/10/2018,19/10/2018,good,outstanding,good,good,inspection_pre_dates_judgement,1
80475,hertfordshire,https://files.ofsted.gov.uk/v1/file/50004308,children's services inspection - 27 november 2015.pdf,27/11/15,,,,,,data_unreadable,data_unreadable,data_unreadable,data_unreadable,1
80476,kent,https://files.ofsted.gov.uk/v1/file/50294428,children's services inspection - 02 february 2026.pdf,02/02/26,short,Steve Lowe,03/11/2025,07/11/2025,good,good,good,outstanding,requires improvement,1
80476,kent,https://files.ofsted.gov.uk/v1/file/50187561,children's services inspection - 05 july 2022.pdf,05/07/22,standard,Margaret Burke,09/05/2022,20/05/2022,outstanding,outstanding,good,outstanding,inspection_pre_dates_judgement,1
80476,kent,https://files.ofsted.gov.uk/v1/file/2763794,children's services inspection - 13 june 2017.pdf,13/06/17,,,,,,data_unreadable,data_unreadable,data_unreadable,data_unreadable,1
80476,kent,https://files.ofsted.gov.uk/v1/file/50004249,"children's services inspection,  pdf - 23 august 2013.pdf",23/08/13,,,,,data_unreadable,data_unreadable,data_unreadable,data_unreadable,data_unreadable,1
80477,kingston upon hull,https://files.ofsted.gov.uk/v1/file/50301678,children's services inspection - 18 may 2026.pdf,18/05/26,standard,Rachel Fairhurst,02/03/2026,13/03/2026,good,outstanding,good,good,outstanding,1
80477,kingston upon hull,https://files.ofsted.gov.uk/v1/file/50204403,children's services inspection - 13 january 2023.pdf,13/01/23,standard,Louise Hollick,14/11/2022,25/11/2022,requires improvement,requires improvement,requires improvement,good,inspection_pre_dates_judgement,1
80477,kingston upon hull,https://files.ofsted.gov.uk/v1/file/50078220,children's services inspection - 17 may 2019.pdf,17/05/19,standard,Jan Edwards,14/01/2019,25/01/2019,inadequate,requires improvement,inadequate,requires improvement,inspection_pre_dates_judgement,1
80477,kingston upon hull,https://files.ofsted.gov.uk/v1/file/50000289,single inspection of la children's services as pdf - 10 february 2015.pdf,10/02/15,,,,,,data_unreadable,data_unreadable,data_unreadable,data_unreadable,1
80478,kirklees,https://files.ofsted.gov.uk/v1/file/50255618,children's services inspection - 28 august 2024.pdf,28/08/24,standard,Rachel Griffiths,08/07/2024,19/07/2024,good,good,good,good,requires improvement,1
80478,kirklees,https://files.ofsted.gov.uk/v1/file/50098215,children's services inspection - 05 august 2019.pdf,05/08/19,standard,Lisa Summers,10/06/2019,21/06/2019,requires improvement,requires improvement,requires improvement,requires improvement,inspection_pre_dates_judgement,1
80478,kirklees,https://files.ofsted.gov.uk/v1/file/50004350,children's services inspection - 25 november 2016.pdf,25/11/16,,,,,,data_unreadable,data_unreadable,data_unreadable,data_unreadable,1
80479,knowsley,https://files.ofsted.gov.uk/v1/file/50267008,children's services inspection - 20 january 2025.pdf,20/01/25,standard,Rebekah Tucker,18/11/2024,29/11/2024,inadequate,inadequate,inadequate,requires improvement,inadequate,1
80479,knowsley,https://files.ofsted.gov.uk/v1/file/50173304,children's services inspection - 03 december 2021.pdf,03/12/21,standard,,11/10/2021,22/10/2021,requires improvement,requires improvement,requires improvement,requires improvement,inspection_pre_dates_judgement,1
80479,knowsley,https://files.ofsted.gov.uk/v1/file/50004380,children's services inspection - 13 june 2017.pdf,13/06/17,,,,,,data_unreadable,data_unreadable,data_unreadable,data_unreadable,1
80479,knowsley,https://files.ofsted.gov.uk/v1/file/50004271,children's services inspection - 30 june 2014.pdf,30/06/14,,,,,,data_unreadable,data_unreadable,data_unreadable,data_unreadable,1
80480,lancashire,https://files.ofsted.gov.uk/v1/file/50205966,children's services inspection - 26 january 2023.pdf,26/01/23,standard,Sarah Canto,28/11/2022,09/12/2022,good,good,good,good,inspection_pre_dates_judgement,1
80480,lancashire,https://files.ofsted.gov.uk/v1/file/50012986,children's services inspection - 17 august 2018.pdf,17/08/18,,,,,,data_unreadable,data_unreadable,data_unreadable,data_unreadable,1
80480,lancashire,https://files.ofsted.gov.uk/v1/file/50004309,children's services inspection - 27 november 2015.pdf,27/11/15,,,,,,data_unreadable,data_unreadable,data_unreadable,data_unreadable,1
80481,leeds,https://files.ofsted.gov.uk/v1/file/50284438,children's services inspection - 12 august 2025.pdf,12/08/25,short,Catherine Heron,30/06/2025,04/07/2025,outstanding,outstanding,good,outstanding,outstanding,1
80481,leeds,https://files.ofsted.gov.uk/v1/file/50182665,children's services inspection - 09 may 2022.pdf,09/05/22,standard,Louise Hollick,21/02/2022,04/03/2022,outstanding,outstanding,good,outstanding,inspection_pre_dates_judgement,1
80481,leeds,https://files.ofsted.gov.uk/v1/file/50045174,children's services inspection - 18 december 2018.pdf,18/12/18,short,Matt Reed,29/10/2018,02/11/2018,outstanding,outstanding,outstanding,good,inspection_pre_dates_judgement,1
80481,leeds,https://files.ofsted.gov.uk/v1/file/50004291,children's services inspection - 27 march 2015.pdf,27/03/15,,,,,,data_unreadable,data_unreadable,data_unreadable,data_unreadable,1
80482,leicester,https://files.ofsted.gov.uk/v1/file/50267800,children's services inspection - 29 january 2025.pdf,29/01/25,short,Tom Anthony,23/09/2024,27/09/2024,requires improvement,requires improvement,requires improvement,requires improvement,requires improvement,1
80482,leicester,https://files.ofsted.gov.uk/v1/file/50171965,children's services inspection - 12 november 2021.pdf,12/11/21,standard,Neil Penswick,20/09/2021,01/10/2021,good,good,good,good,inspection_pre_dates_judgement,1
80482,leicester,https://files.ofsted.gov.uk/v1/file/50004397,children's services inspection - 04 september 2017.pdf,04/09/17,,,,,,data_unreadable,data_unreadable,data_unreadable,data_unreadable,1
80482,leicester,https://files.ofsted.gov.uk/v1/file/50004289,children's services inspection - 20 march 2015.pdf,20/03/15,,,,,,data_unreadable,data_unreadable,data_unreadable,data_unreadable,1
80483,leicestershire,https://files.ofsted.gov.uk/v1/file/50252253,children's services inspection - 12 july 2024.pdf,12/07/24,standard,Ceri Evans,22/04/2024,03/05/2024,outstanding,outstanding,good,outstanding,outstanding,1
80483,leicestershire,https://files.ofsted.gov.uk/v1/file/50121477,children's services inspection - 04 november 2019.pdf,04/11/19,standard,Kate Malleson,23/09/2019,04/10/2019,requires improvement,good,requires improvement,good,inspection_pre_dates_judgement,1
80483,leicestershire,https://files.ofsted.gov.uk/v1/file/50004360,children's services inspection - 13 february 2017.pdf,13/02/17,,,,,,data_unreadable,data_unreadable,data_unreadable,data_unreadable,1
80484,lincolnshire,https://files.ofsted.gov.uk/v1/file/50219720,children's services inspection - 14 june 2023.pdf,14/06/23,short,Margaret Burke,24/04/2023,28/04/2023,outstanding,outstanding,outstanding,outstanding,good,1
80484,lincolnshire,https://files.ofsted.gov.uk/v1/file/50083970,children's services inspection - 11 june 2019.pdf,11/06/19,short,Rachel Griffiths,29/04/2019,03/05/2019,outstanding,outstanding,good,outstanding,inspection_pre_dates_judgement,1
80484,lincolnshire,https://files.ofsted.gov.uk/v1/file/50004285,children's services inspection - 06 january 2015.pdf,06/01/15,,,,,,data_unreadable,data_unreadable,data_unreadable,data_unreadable,1
80485,liverpool,https://files.ofsted.gov.uk/v1/file/50306784,children's services inspection - 07 july 2026.pdf,07/07/26,standard,Teresa Godfrey,11/05/2026,22/05/2026,not_reported_post_reform,good,good,good,requires improvement,1
80485,liverpool,https://files.ofsted.gov.uk/v1/file/50218078,children's services inspection - 25 may 2023.pdf,25/05/23,standard,Lisa Summers,13/03/2023,24/03/2023,inadequate,inadequate,inadequate,requires improvement,inadequate,1
80485,liverpool,https://files.ofsted.gov.uk/v1/file/50004481,children's services inspection - 02 july 2018.pdf,02/07/18,standard,Shabana Abasi,14/05/2018,25/05/2018,requires improvement,requires improvement,requires improvement,requires improvement,inspection_pre_dates_judgement,1
80485,liverpool,https://files.ofsted.gov.uk/v1/file/50004275,children's services inspection - 18 july 2014.pdf,18/07/14,,,,,,data_unreadable,data_unreadable,data_unreadable,data_unreadable,1
80486,barking and dagenham,https://files.ofsted.gov.uk/v1/file/50227183,children's services inspection - 04 september 2023.pdf,04/09/23,standard,Naintara Khosla,10/07/2023,21/07/2023,requires improvement,requires improvement,requires improvement,requires improvement,good,1
80486,barking and dagenham,https://files.ofsted.gov.uk/v1/file/50066870,children's services inspection - 01 april 2019.pdf,01/04/19,standard,Brenda McLaughlin,18/02/2019,01/03/2019,requires improvement,requires improvement,requires improvement,requires improvement,inspection_pre_dates_judgement,1
80486,barking and dagenham,https://files.ofsted.gov.uk/v1/file/50004273,children's services inspection - 07 july 2014.pdf,07/07/14,,,,,,data_unreadable,data_unreadable,data_unreadable,data_unreadable,1
80487,barnet,https://files.ofsted.gov.uk/v1/file/50253182,children's services inspection - 23 july 2024.pdf,23/07/24,short,Naintara Khosla,10/06/2024,14/06/2024,good,good,good,outstanding,good,1
80487,barnet,https://files.ofsted.gov.uk/v1/file/50088889,children's services inspection - 01 july 2019.pdf,01/07/19,standard,Andy Whippey,13/05/2019,24/05/2019,good,good,good,good,inspection_pre_dates_judgement,1
80487,barnet,https://files.ofsted.gov.uk/v1/file/50004387,children's services inspection - 07 july 2017.pdf,07/07/17,,,,,,data_unreadable,data_unreadable,data_unreadable,data_unreadable,1
80488,bexley,https://files.ofsted.gov.uk/v1/file/50212243,children's services inspection - 24 march 2023.pdf,24/03/23,short,Tom Anthony,06/02/2023,10/02/2023,outstanding,outstanding,good,good,outstanding,1
80488,bexley,https://files.ofsted.gov.uk/v1/file/50013852,children's services inspection - 20 august 2018.pdf,20/08/18,standard,Marcie Taylor,09/07/2018,20/07/2018,outstanding,outstanding,outstanding,good,inspection_pre_dates_judgement,1
80488,bexley,https://files.ofsted.gov.uk/v1/file/50004266,children's services inspection - 23 may 2014.pdf,23/05/14,,,,,,data_unreadable,data_unreadable,data_unreadable,data_unreadable,1
80489,brent,https://files.ofsted.gov.uk/v1/file/50304386,children's services inspection - 17 june 2026.pdf,17/06/26,short,Monique Lindsay,27/04/2026,01/05/2026,not_reported_post_reform,good,good,good,good,1
80489,brent,https://files.ofsted.gov.uk/v1/file/50213625,children's services inspection - 11 april 2023.pdf,11/04/23,short,Kendra Bell,20/02/2023,24/02/2023,good,good,good,good,good,1
80489,brent,https://files.ofsted.gov.uk/v1/file/50004482,children's services inspection - 02 july 2018.pdf,02/07/18,standard,Tracey Metcalfe,14/05/2018,25/05/2018,good,good,requires improvement,outstanding,inspection_pre_dates_judgement,1
80489,brent,https://files.ofsted.gov.uk/v1/file/50004311,children's services inspection - 30 november 2015.pdf,30/11/15,,,,,,data_unreadable,data_unreadable,data_unreadable,data_unreadable,1
80490,bromley,https://files.ofsted.gov.uk/v1/file/50237004,children's services inspection - 12 january 2024.pdf,12/01/24,short,Claire Beckingham,13/11/2023,17/11/2023,outstanding,outstanding,outstanding,outstanding,outstanding,1
80490,bromley,https://files.ofsted.gov.uk/v1/file/50048227,children's services inspection - 07 january 2019.pdf,07/01/19,standard,Dawn Godfrey,19/11/2018,30/11/2018,good,outstanding,good,good,inspection_pre_dates_judgement,1
80490,bromley,https://files.ofsted.gov.uk/v1/file/50004327,children's services inspection - 27 june 2016.pdf,27/06/16,,,,,,data_unreadable,data_unreadable,data_unreadable,data_unreadable,1
80490,bromley,https://files.ofsted.gov.uk/v1/file/50004185,children's services inspection - 17 august 2012.pdf,17/08/12,,,,,data_unreadable,data_unreadable,data_unreadable,data_unreadable,data_unreadable,1
80491,camden,https://files.ofsted.gov.uk/v1/file/50274369,children's services inspection - 15 april 2025.pdf,15/04/25,short,Claire Beckingham,03/03/2025,07/03/2025,outstanding,outstanding,outstanding,outstanding,outstanding,1
80491,camden,https://files.ofsted.gov.uk/v1/file/50186251,children's services inspection - 21 june 2022.pdf,21/06/22,short,Steve Lowe,25/04/2022,29/04/2022,outstanding,outstanding,good,outstanding,inspection_pre_dates_judgement,1
80491,camden,https://files.ofsted.gov.uk/v1/file/50004405,children's services inspection - 24 november 2017.pdf,24/11/17,,,,,,data_unreadable,data_unreadable,data_unreadable,data_unreadable,1
80492,croydon,https://files.ofsted.gov.uk/v1/file/50263391,children's services inspection - 03 december 2024.pdf,03/12/24,standard,Christine Kennet,14/10/2024,25/10/2024,good,good,requires improvement,good,good,1
80492,croydon,https://files.ofsted.gov.uk/v1/file/50149056,children's services inspection - 16 march 2020.pdf,16/03/20,standard,Tara Geere,03/02/2020,14/02/2020,good,good,good,requires improvement,inspection_pre_dates_judgement,1
80492,croydon,https://files.ofsted.gov.uk/v1/file/50004396,children's services inspection - 04 september 2017.pdf,04/09/17,,,,,,data_unreadable,data_unreadable,data_unreadable,data_unreadable,1
80493,ealing,https://files.ofsted.gov.uk/v1/file/50252258,children's services inspection - 12 july 2024.pdf,12/07/24,standard,Tom Anthony,22/04/2024,03/05/2024,good,good,requires improvement,good,good,1
80493,ealing,https://files.ofsted.gov.uk/v1/file/50135437,children's services inspection - 19 december 2019.pdf,19/12/19,short,Caroline Walsh,04/11/2019,08/11/2019,requires improvement,requires improvement,requires improvement,requires improvement,inspection_pre_dates_judgement,1
80493,ealing,https://files.ofsted.gov.uk/v1/file/50004334,children's services inspection - 26 august 2016.pdf,26/08/16,,,,,,data_unreadable,data_unreadable,data_unreadable,data_unreadable,1
80494,enfield,https://files.ofsted.gov.uk/v1/file/50256007,children's services inspection - 04 september 2024.pdf,04/09/24,short,Christine Kennet,22/07/2024,26/07/2024,good,good,good,outstanding,good,1
80494,enfield,https://files.ofsted.gov.uk/v1/file/50070309,children's services inspection - 15 april 2019.pdf,15/04/19,standard,Tara Geere,04/03/2019,15/03/2019,good,good,good,good,inspection_pre_dates_judgement,1
80494,enfield,https://files.ofsted.gov.uk/v1/file/50004290,children's services inspection - 27 march 2015.pdf,27/03/15,,,,,,data_unreadable,data_unreadable,data_unreadable,data_unreadable,1
80495,greenwich,https://files.ofsted.gov.uk/v1/file/50252576,children's services inspection - 16 july 2024.pdf,16/07/24,short,Tom Anthony,03/06/2024,07/06/2024,outstanding,outstanding,good,outstanding,outstanding,1
80495,greenwich,https://files.ofsted.gov.uk/v1/file/50143727,children's services inspection - 27 january 2020.pdf,27/01/20,short,Andy Whippey,09/12/2019,13/12/2019,good,good,good,good,inspection_pre_dates_judgement,1
80495,greenwich,https://files.ofsted.gov.uk/v1/file/50004331,children's services inspection - 05 august 2016.pdf,05/08/16,,,,,,data_unreadable,data_unreadable,data_unreadable,data_unreadable,1
80496,hackney,https://files.ofsted.gov.uk/v1/file/50255165,children's services inspection - 20 august 2024.pdf,20/08/24,standard,Margaret Burke,01/07/2024,12/07/2024,good,good,good,good,requires improvement,1
80496,hackney,https://files.ofsted.gov.uk/v1/file/50135828,children's services inspection - 20 december 2019.pdf,20/12/19,standard,Brenda McInerney,11/11/2019,22/11/2019,requires improvement,requires improvement,requires improvement,good,inspection_pre_dates_judgement,1
80496,hackney,https://files.ofsted.gov.uk/v1/file/50004340,children's services inspection - 21 september 2016.pdf,21/09/16,,,,,,data_unreadable,data_unreadable,data_unreadable,data_unreadable,1
80497,hammersmith and fulham,https://files.ofsted.gov.uk/v1/file/50247205,children's services inspection - 16 may 2024.pdf,16/05/24,short,Christine Kennet,11/03/2024,15/03/2024,outstanding,outstanding,good,outstanding,outstanding,1
80497,hammersmith and fulham,https://files.ofsted.gov.uk/v1/file/50116344,children's services inspection - 15 october 2019.pdf,15/10/19,short,Tara Geere,09/09/2019,13/09/2019,good,good,good,good,inspection_pre_dates_judgement,1
80497,hammersmith and fulham,https://files.ofsted.gov.uk/v1/file/50004315,children's services inspection - 29 march 2016.pdf,29/03/16,,,,,,data_unreadable,data_unreadable,data_unreadable,data_unreadable,1
80498,haringey,https://files.ofsted.gov.uk/v1/file/50295650,children's services inspection - 24 february 2026.pdf,24/02/26,short,Christine Kennet,12/01/2026,16/01/2026,outstanding,outstanding,good,good,outstanding,1
80498,haringey,https://files.ofsted.gov.uk/v1/file/50213624,children's services inspection - 11 april 2023.pdf,11/04/23,standard,Claire Beckingham,13/02/2023,24/02/2023,good,good,good,requires improvement,good,1
80498,haringey,https://files.ofsted.gov.uk/v1/file/50044253,children's services inspection - 14 december 2018.pdf,14/12/18,standard,Anne Waterman,29/10/2018,09/11/2018,requires improvement,requires improvement,requires improvement,requires improvement,inspection_pre_dates_judgement,1
80498,haringey,https://files.ofsted.gov.uk/v1/file/50004274,children's services inspection - 18 july 2014.pdf,18/07/14,,,,,,data_unreadable,data_unreadable,data_unreadable,data_unreadable,1
80499,harrow,https://files.ofsted.gov.uk/v1/file/50270419,children's services inspection - 04 march 2025.pdf,04/03/25,short,Rebekah Tucker,20/01/2025,24/01/2025,inadequate,requires improvement,good,good,inadequate,1
80499,harrow,https://files.ofsted.gov.uk/v1/file/50149055,children's services inspection - 16 march 2020.pdf,16/03/20,short,Brenda McLaughlin,10/02/2020,14/02/2020,good,good,good,good,inspection_pre_dates_judgement,1
80499,harrow,https://files.ofsted.gov.uk/v1/file/50004365,children's services inspection - 31 march 2017.pdf,31/03/17,,,,,,data_unreadable,data_unreadable,data_unreadable,data_unreadable,1
80500,havering,https://files.ofsted.gov.uk/v1/file/50239788,children's services inspection - 16 february 2024.pdf,16/02/24,standard,Claire Beckingham,11/12/2023,22/12/2023,inadequate,inadequate,inadequate,inadequate,requires improvement,1
80500,havering,https://files.ofsted.gov.uk/v1/file/50006280,children's services inspection - 23 july 2018.pdf,23/07/18,standard,Andy Whippey,11/06/2018,22/06/2018,good,good,requires improvement,good,inspection_pre_dates_judgement,1
80500,havering,https://files.ofsted.gov.uk/v1/file/50004354,children's services inspection - 09 december 2016.pdf,09/12/16,,,,,,data_unreadable,data_unreadable,data_unreadable,data_unreadable,1
80501,hillingdon,https://files.ofsted.gov.uk/v1/file/50233295,children's services inspection - 20 november 2023.pdf,20/11/23,short,Christine Kennet,02/10/2023,06/10/2023,outstanding,outstanding,good,outstanding,good,1
80501,hillingdon,https://files.ofsted.gov.uk/v1/file/50004456,children's services inspection - 30 may 2018.pdf,30/05/18,standard,Julie Knight,16/04/2018,27/04/2018,good,outstanding,good,good,inspection_pre_dates_judgement,1
80501,hillingdon,https://files.ofsted.gov.uk/v1/file/50004257,children's services inspection - 11 february 2014.pdf,11/02/14,,,,,,data_unreadable,data_unreadable,data_unreadable,data_unreadable,1
80503,hounslow,https://files.ofsted.gov.uk/v1/file/50234334,children's services inspection - 01 december 2023.pdf,01/12/23,short,Nick Bennison,16/10/2023,20/10/2023,good,outstanding,good,good,good,1
80503,hounslow,https://files.ofsted.gov.uk/v1/file/50037490,children's services inspection - 12 november 2018.pdf,12/11/18,standard,Tara Geere,01/10/2018,12/10/2018,good,good,requires improvement,good,inspection_pre_dates_judgement,1
80503,hounslow,https://files.ofsted.gov.uk/v1/file/2763994,children's services inspection - 21 march 2014.pdf,21/03/14,,,,,,data_unreadable,data_unreadable,data_unreadable,data_unreadable,1
80505,islington,https://files.ofsted.gov.uk/v1/file/50267801,children's services inspection - 29 january 2025.pdf,29/01/25,short,Sarah Canto,02/12/2024,06/12/2024,outstanding,outstanding,outstanding,outstanding,outstanding,1
80505,islington,https://files.ofsted.gov.uk/v1/file/50150002,children's services inspection - 15 april 2020.pdf,15/04/20,short,Nicola Bennett,09/03/2020,13/03/2020,outstanding,outstanding,outstanding,good,inspection_pre_dates_judgement,1
80505,islington,https://files.ofsted.gov.uk/v1/file/50004389,children's services inspection - 14 july 2017.pdf,14/07/17,,,,,,data_unreadable,data_unreadable,data_unreadable,data_unreadable,1
80506,lambeth,https://files.ofsted.gov.uk/v1/file/50296623,children's services inspection - 10 march 2026.pdf,10/03/26,standard,Jenny -ellen Scotland,12/01/2026,23/01/2026,good,good,requires improvement,good,outstanding,1
80506,lambeth,https://files.ofsted.gov.uk/v1/file/50202402,children's services inspection - 16 december 2022.pdf,16/12/22,standard,Russel Breyer,24/10/2022,04/11/2022,requires improvement,requires improvement,requires improvement,requires improvement,inspection_pre_dates_judgement,1
80506,lambeth,https://files.ofsted.gov.uk/v1/file/50004434,children's services inspection - 09 may 2018.pdf,09/05/18,,,,,,data_unreadable,data_unreadable,data_unreadable,data_unreadable,1
80506,lambeth,https://files.ofsted.gov.uk/v1/file/50004294,children's services inspection - 12 may 2015.pdf,12/05/15,,,,,,data_unreadable,data_unreadable,data_unreadable,data_unreadable,1
80508,lewisham,https://files.ofsted.gov.uk/v1/file/50238709,children's services inspection - 31 january 2024.pdf,31/01/24,standard,Nicki Shaw,04/12/2023,15/12/2023,good,good,good,good,good,1
80508,lewisham,https://files.ofsted.gov.uk/v1/file/50101634,children's services inspection - 19 august 2019.pdf,19/08/19,standard,Kate Malleson,08/07/2019,19/07/2019,requires improvement,requires improvement,requires improvement,requires improvement,inspection_pre_dates_judgement,1
80508,lewisham,https://files.ofsted.gov.uk/v1/file/50004312,children's services inspection - 20 january 2016.pdf,20/01/16,,,,,,data_unreadable,data_unreadable,data_unreadable,data_unreadable,1
80510,merton,https://files.ofsted.gov.uk/v1/file/50285309,children's services inspection - 27 august 2025.pdf,27/08/25,short,Claire Beckingham,14/07/2025,18/07/2025,outstanding,outstanding,good,outstanding,outstanding,1
80510,merton,https://files.ofsted.gov.uk/v1/file/50182669,children's services inspection - 09 may 2022.pdf,09/05/22,short,Brenda McLaughlin,28/02/2022,04/03/2022,outstanding,outstanding,good,outstanding,inspection_pre_dates_judgement,1
80510,merton,https://files.ofsted.gov.uk/v1/file/50004394,children's services inspection - 25 august 2017.pdf,25/08/17,,,,,,data_unreadable,data_unreadable,data_unreadable,data_unreadable,1
80511,newham,https://files.ofsted.gov.uk/v1/file/50293404,children's services inspection - 12 january 2026.pdf,12/01/26,short,Ceri Evans,10/11/2025,14/11/2025,outstanding,outstanding,outstanding,outstanding,outstanding,1
80511,newham,https://files.ofsted.gov.uk/v1/file/50192878,children's services inspection - 21 september 2022.pdf,21/09/22,standard,Christine Kennet,18/07/2022,29/07/2022,good,outstanding,good,good,inspection_pre_dates_judgement,1
80511,newham,https://files.ofsted.gov.uk/v1/file/50065119,children's services inspection - 25 march 2019.pdf,25/03/19,standard,Dawn Godfrey,11/02/2019,22/02/2019,inadequate,inadequate,requires improvement,inadequate,inspection_pre_dates_judgement,1
80511,newham,https://files.ofsted.gov.uk/v1/file/50004279,children's services inspection - 08 august 2014.pdf,08/08/14,,,,,,data_unreadable,data_unreadable,data_unreadable,data_unreadable,1
80512,redbridge,https://files.ofsted.gov.uk/v1/file/50253184,children's services inspection - 23 july 2024.pdf,23/07/24,short,Brenda McLaughlin,10/06/2024,14/06/2024,outstanding,outstanding,outstanding,outstanding,outstanding,1
80512,redbridge,https://files.ofsted.gov.uk/v1/file/50083969,children's services inspection - 11 june 2019.pdf,11/06/19,short,Louise Hocking,29/04/2019,03/05/2019,outstanding,outstanding,outstanding,good,inspection_pre_dates_judgement,1
80512,redbridge,https://files.ofsted.gov.uk/v1/file/50004349,children's services inspection - 25 november 2016.pdf,25/11/16,,,,,,data_unreadable,data_unreadable,data_unreadable,data_unreadable,1
80513,richmond upon thames,https://files.ofsted.gov.uk/v1/file/50284336,children's services inspection - 12 august 2025.pdf,12/08/25,short,Nick Bennison,30/06/2025,04/07/2025,outstanding,outstanding,good,outstanding,outstanding,1
80513,richmond upon thames,https://files.ofsted.gov.uk/v1/file/50179543,children's services inspection - 18 march 2022.pdf,18/03/22,short,Louise Hocking,31/01/2022,04/02/2022,good,good,good,good,inspection_pre_dates_judgement,1
80513,richmond upon thames,https://files.ofsted.gov.uk/v1/file/2762084,children's services inspection - 08 december 2017.pdf,08/12/17,,,,,,data_unreadable,data_unreadable,data_unreadable,data_unreadable,1
80514,southwark,https://files.ofsted.gov.uk/v1/file/50301679,children's services inspection - 18 may 2026.pdf,18/05/26,short,Jenny -ellen Scotland,09/03/2026,13/03/2026,good,good,good,good,good,1
80514,southwark,https://files.ofsted.gov.uk/v1/file/50198438,children's services inspection - 11 november 2022.pdf,11/11/22,short,Tracey Ledder,26/09/2022,30/09/2022,good,good,good,good,inspection_pre_dates_judgement,1
80514,southwark,https://files.ofsted.gov.uk/v1/file/2755462,children's services inspection - 13 june 2017.pdf,13/06/17,,,,,,data_unreadable,data_unreadable,data_unreadable,data_unreadable,1
80515,sutton,https://files.ofsted.gov.uk/v1/file/50283346,children's services inspection - 29 july 2025.pdf,29/07/25,short,Gareth Dakin,16/06/2025,20/06/2025,good,good,good,good,good,1
80515,sutton,https://files.ofsted.gov.uk/v1/file/50176759,children's services inspection - 01 february 2022.pdf,01/02/22,short,Brenda McLaughlin,06/12/2021,10/12/2021,good,outstanding,good,good,inspection_pre_dates_judgement,1
80515,sutton,https://files.ofsted.gov.uk/v1/file/2760992,children's services inspection - 13 february 2017.pdf,13/02/17,,,,,,data_unreadable,data_unreadable,data_unreadable,data_unreadable,1
80516,tower hamlets,https://files.ofsted.gov.uk/v1/file/50266090,children's services inspection - 13 january 2025.pdf,13/01/25,short,Amanda Maxwell,11/11/2024,15/11/2024,outstanding,outstanding,good,good,outstanding,1
80516,tower hamlets,https://files.ofsted.gov.uk/v1/file/50094564,children's services inspection - 22 july 2019.pdf,22/07/19,standard,Marcie Taylor,10/06/2019,21/06/2019,good,good,good,good,inspection_pre_dates_judgement,1
80516,tower hamlets,https://files.ofsted.gov.uk/v1/file/2760740,children's services inspection - 07 april 2017.pdf,07/04/17,,,,,,data_unreadable,data_unreadable,data_unreadable,data_unreadable,1
80517,waltham forest,https://files.ofsted.gov.uk/v1/file/50255164,children's services inspection - 20 august 2024.pdf,20/08/24,short,Jo Warburton,08/07/2024,12/07/2024,good,good,good,outstanding,good,1
80517,waltham forest,https://files.ofsted.gov.uk/v1/file/50061232,children's services inspection - 11 march 2019.pdf,11/03/19,standard,Andy Whippey,28/01/2019,08/02/2019,good,outstanding,good,good,inspection_pre_dates_judgement,1
80517,waltham forest,https://files.ofsted.gov.uk/v1/file/2760568,children's services inspection - 20 january 2015.pdf,20/01/15,,,,,,data_unreadable,data_unreadable,data_unreadable,data_unreadable,1
80518,wandsworth,https://files.ofsted.gov.uk/v1/file/50301929,children's services inspection - 18 may 2026.pdf,18/05/26,short,Monique Lindsay,02/03/2026,06/03/2026,outstanding,outstanding,outstanding,outstanding,outstanding,1
80518,wandsworth,https://files.ofsted.gov.uk/v1/file/50204406,children's services inspection - 13 january 2023.pdf,13/01/23,standard,Amanda Maxwell,07/11/2022,18/11/2022,good,good,good,good,inspection_pre_dates_judgement,1
80518,wandsworth,https://files.ofsted.gov.uk/v1/file/50005142,children's services inspection - 20 july 2018.pdf,20/07/18,,,,,,data_unreadable,data_unreadable,data_unreadable,data_unreadable,1
80518,wandsworth,https://files.ofsted.gov.uk/v1/file/2760524,children's services inspection - 16 february 2016.pdf,16/02/16,,,,,,data_unreadable,data_unreadable,data_unreadable,data_unreadable,1
80519,westminster,https://files.ofsted.gov.uk/v1/file/50266091,children's services inspection - 13 january 2025.pdf,13/01/25,short,Naintara Khosla,11/11/2024,15/11/2024,outstanding,outstanding,outstanding,outstanding,outstanding,1
80519,westminster,https://files.ofsted.gov.uk/v1/file/50116346,children's services inspection - 15 october 2019.pdf,15/10/19,short,Nick Stacey,09/09/2019,13/09/2019,outstanding,outstanding,outstanding,outstanding,inspection_pre_dates_judgement,1
80519,westminster,https://files.ofsted.gov.uk/v1/file/2760394,children's services inspection - 29 march 2016.pdf,29/03/16,,,,,,data_unreadable,data_unreadable,data_unreadable,data_unreadable,1
80520,luton,https://files.ofsted.gov.uk/v1/file/50296961,children's services inspection - 10 march 2026.pdf,10/03/26,standard,Rebecca Dubbins,19/01/2026,30/01/2026,good,good,good,good,requires improvement,1
80520,luton,https://files.ofsted.gov.uk/v1/file/50192197,children's services inspection - 05 september 2022.pdf,05/09/22,standard,Tom Anthony,11/07/2022,22/07/2022,requires improvement,good,requires improvement,requires improvement,inspection_pre_dates_judgement,1
80520,luton,https://files.ofsted.gov.uk/v1/file/50146434,children's services inspection - 24 february 2020.pdf,24/02/20,standard,Tracey Scott,13/01/2020,24/01/2020,inadequate,requires improvement,inadequate,requires improvement,inspection_pre_dates_judgement,1
80520,luton,https://files.ofsted.gov.uk/v1/file/50004317,children's services inspection - 29 march 2016.pdf,29/03/16,,,,,,data_unreadable,data_unreadable,data_unreadable,data_unreadable,1
80521,manchester,https://files.ofsted.gov.uk/v1/file/50290914,children's services inspection - 11 november 2025.pdf,11/11/25,standard,Sophie Wales,22/09/2025,03/10/2025,outstanding,outstanding,good,outstanding,outstanding,1
80521,manchester,https://files.ofsted.gov.uk/v1/file/50183843,children's services inspection - 19 may 2022.pdf,19/05/22,standard,Mandy Nightingale,21/03/2022,01/04/2022,good,good,requires improvement,good,inspection_pre_dates_judgement,1
80521,manchester,https://files.ofsted.gov.uk/v1/file/50004408,children's services inspection - 21 december 2017.pdf,21/12/17,,,,,,data_unreadable,data_unreadable,data_unreadable,data_unreadable,1
80521,manchester,https://files.ofsted.gov.uk/v1/file/50004281,children's services inspection - 03 september 2014.pdf,03/09/14,,,,,,data_unreadable,data_unreadable,data_unreadable,data_unreadable,1
80522,medway,https://files.ofsted.gov.uk/v1/file/50227723,children's services inspection - 11 september 2023.pdf,11/09/23,standard,Amanda Maxwell,17/07/2023,28/07/2023,good,good,requires improvement,good,good,1
80522,medway,https://files.ofsted.gov.uk/v1/file/50103321,children's services inspection - 27 august 2019.pdf,27/08/19,standard,Brenda McLaughlin,15/07/2019,26/07/2019,inadequate,inadequate,inadequate,requires improvement,inspection_pre_dates_judgement,1
80522,medway,https://files.ofsted.gov.uk/v1/file/50004310,children's services inspection - 27 november 2015.pdf,27/11/15,,,,,,data_unreadable,data_unreadable,data_unreadable,data_unreadable,1
80522,medway,https://files.ofsted.gov.uk/v1/file/50004250,"children's services inspection,  pdf - 23 august 2013.pdf",23/08/13,,,,,data_unreadable,data_unreadable,data_unreadable,data_unreadable,data_unreadable,1
80523,middlesbrough,https://files.ofsted.gov.uk/v1/file/50308109,children's services inspection - 28 july 2026.pdf,28/07/26,standard,Nabeel Hussain,08/06/2026,19/06/2026,not_reported_post_reform,requires improvement,requires improvement,requires improvement,requires improvement,1
80523,middlesbrough,https://files.ofsted.gov.uk/v1/file/50218077,children's services inspection - 25 may 2023.pdf,25/05/23,standard,Louise Walker,13/03/2023,24/03/2023,requires improvement,requires improvement,requires improvement,requires improvement,requires improvement,1
80523,middlesbrough,https://files.ofsted.gov.uk/v1/file/50143726,children's services inspection - 24 january 2020.pdf,24/01/20,standard,Jan Edwards,25/11/2019,06/12/2019,inadequate,inadequate,inadequate,inadequate,inspection_pre_dates_judgement,1
80523,middlesbrough,https://files.ofsted.gov.uk/v1/file/50004314,children's services inspection - 19 february 2016.pdf,19/02/16,,,,,,data_unreadable,data_unreadable,data_unreadable,data_unreadable,1
80524,milton keynes,https://files.ofsted.gov.uk/v1/file/50264642,children's services inspection - 17 december 2024.pdf,17/12/24,standard,Brenda McLaughlin,28/10/2024,08/11/2024,good,good,good,good,outstanding,1
80524,milton keynes,https://files.ofsted.gov.uk/v1/file/50174208,children's services inspection - 17 december 2021.pdf,17/12/21,standard,Maire Atherton,25/10/2021,05/11/2021,requires improvement,requires improvement,requires improvement,requires improvement,inspection_pre_dates_judgement,1
80524,milton keynes,https://files.ofsted.gov.uk/v1/file/50004351,children's services inspection - 25 november 2016.pdf,25/11/16,,,,,,data_unreadable,data_unreadable,data_unreadable,data_unreadable,1
80525,newcastle upon tyne,https://files.ofsted.gov.uk/v1/file/50280258,children's services inspection - 25 june 2025.pdf,25/06/25,short,Rachel Fairhurst,12/05/2025,16/05/2025,good,good,outstanding,good,requires improvement,1
80525,newcastle upon tyne,https://files.ofsted.gov.uk/v1/file/50176758,children's services inspection - 01 february 2022.pdf,01/02/22,standard,Louise Hollick,29/11/2021,10/12/2021,good,good,good,good,inspection_pre_dates_judgement,1
80525,newcastle upon tyne,https://files.ofsted.gov.uk/v1/file/50004388,children's services inspection - 07 july 2017.pdf,07/07/17,,,,,,data_unreadable,data_unreadable,data_unreadable,data_unreadable,1
80526,north east lincolnshire,https://files.ofsted.gov.uk/v1/file/50285393,children's services inspection - 03 september 2025.pdf,03/09/25,standard,Ceri Evans,14/07/2025,25/07/2025,good,outstanding,good,good,good,1
80526,north east lincolnshire,https://files.ofsted.gov.uk/v1/file/50172853,children's services inspection - 26 november 2021.pdf,26/11/21,standard,Matt Reed,04/10/2021,15/10/2021,inadequate,inadequate,inadequate,inadequate,inspection_pre_dates_judgement,1
80526,north east lincolnshire,https://files.ofsted.gov.uk/v1/file/50004401,children's services inspection - 25 september 2017.pdf,25/09/17,,,,,,data_unreadable,data_unreadable,data_unreadable,data_unreadable,1
80527,north lincolnshire,https://files.ofsted.gov.uk/v1/file/50300420,children's services inspection - 30 april 2026.pdf,30/04/26,short,Rachel Griffiths,16/03/2026,20/03/2026,outstanding,outstanding,outstanding,outstanding,good,1
80527,north lincolnshire,https://files.ofsted.gov.uk/v1/file/50200023,children's services inspection - 25 november 2022.pdf,25/11/22,short,Jan Edwards,10/10/2022,14/10/2022,outstanding,outstanding,outstanding,outstanding,inspection_pre_dates_judgement,1
80527,north lincolnshire,https://files.ofsted.gov.uk/v1/file/50004398,children's services inspection - 04 september 2017.pdf,04/09/17,,,,,,data_unreadable,data_unreadable,data_unreadable,data_unreadable,1
80528,north somerset,https://files.ofsted.gov.uk/v1/file/50216275,children's services inspection - 11 may 2023.pdf,11/05/23,standard,Anna Gravelle,13/03/2023,24/03/2023,requires improvement,requires improvement,requires improvement,requires improvement,good,1
80528,north somerset,https://files.ofsted.gov.uk/v1/file/50151810,children's services inspection - 10 june 2020.pdf,10/06/20,standard,Diane Partridge,02/03/2020,13/03/2020,requires improvement,requires improvement,requires improvement,good,inspection_pre_dates_judgement,1
80528,north somerset,https://files.ofsted.gov.uk/v1/file/2762674,children's services inspection - 25 august 2017.pdf,25/08/17,,,,,,data_unreadable,data_unreadable,data_unreadable,data_unreadable,1
80529,north tyneside,https://files.ofsted.gov.uk/v1/file/50266092,children's services inspection - 13 january 2025.pdf,13/01/25,short,Ceri Evans,11/11/2024,15/11/2024,outstanding,outstanding,outstanding,outstanding,outstanding,1
80529,north tyneside,https://files.ofsted.gov.uk/v1/file/50150004,children's services inspection - 15 april 2020.pdf,15/04/20,short,Nigel Parkes,09/03/2020,13/03/2020,outstanding,outstanding,outstanding,good,inspection_pre_dates_judgement,1
80529,north tyneside,https://files.ofsted.gov.uk/v1/file/50004378,children's services inspection - 13 june 2017.pdf,13/06/17,,,,,,data_unreadable,data_unreadable,data_unreadable,data_unreadable,1
80530,north yorkshire,https://files.ofsted.gov.uk/v1/file/50226213,children's services inspection - 18 august 2023.pdf,18/08/23,short,Jan Edwards,03/07/2023,07/07/2023,outstanding,outstanding,outstanding,outstanding,outstanding,1
80530,north yorkshire,https://files.ofsted.gov.uk/v1/file/50010311,children's services inspection - 06 august 2018.pdf,06/08/18,short,Matt Reed,02/07/2018,06/07/2018,outstanding,outstanding,outstanding,outstanding,inspection_pre_dates_judgement,1
80530,north yorkshire,https://files.ofsted.gov.uk/v1/file/50004270,children's services inspection - 30 june 2014.pdf,30/06/14,,,,,,data_unreadable,data_unreadable,data_unreadable,data_unreadable,1
80532,northumberland,https://files.ofsted.gov.uk/v1/file/50252256,children's services inspection - 12 july 2024.pdf,12/07/24,short,Andy Waugh,20/05/2024,24/05/2024,outstanding,outstanding,outstanding,good,good,1
80532,northumberland,https://files.ofsted.gov.uk/v1/file/50147382,children's services inspection - 02 march 2020.pdf,02/03/20,standard,Mandy Nightingale,20/01/2020,31/01/2020,good,good,good,good,inspection_pre_dates_judgement,1
80532,northumberland,https://files.ofsted.gov.uk/v1/file/50004319,children's services inspection - 14 april 2016.pdf,14/04/16,,,,,,data_unreadable,data_unreadable,data_unreadable,data_unreadable,1
80533,nottingham,https://files.ofsted.gov.uk/v1/file/50192198,children's services inspection - 05 september 2022.pdf,05/09/22,,Andy Waugh,,,inadequate,requires improvement,inadequate,requires improvement,inadequate,1
80533,nottingham,https://files.ofsted.gov.uk/v1/file/50048229,children's services inspection - 07 january 2019.pdf,07/01/19,standard,Caroline Walsh,05/11/2018,16/11/2018,,requires improvement,to requires improvement,requires improvement,inspection_pre_dates_judgement,1
80533,nottingham,https://files.ofsted.gov.uk/v1/file/50004263,children's services inspection - 14 may 2014.pdf,14/05/14,,,,,,data_unreadable,data_unreadable,data_unreadable,data_unreadable,1
80534,nottinghamshire,https://files.ofsted.gov.uk/v1/file/50252254,children's services inspection - 12 july 2024.pdf,12/07/24,short,Nicki Shaw,20/05/2024,24/05/2024,good,outstanding,good,good,good,1
80534,nottinghamshire,https://files.ofsted.gov.uk/v1/file/50135440,children's services inspection - 19 december 2019.pdf,19/12/19,standard,Margaret Burke,07/10/2019,18/10/2019,good,good,requires improvement,good,inspection_pre_dates_judgement,1
80534,nottinghamshire,https://files.ofsted.gov.uk/v1/file/50004299,children's services inspection - 20 july 2015.pdf,20/07/15,,,,,,data_unreadable,data_unreadable,data_unreadable,data_unreadable,1
80535,oldham,https://files.ofsted.gov.uk/v1/file/50252252,children's services inspection - 12 july 2024.pdf,12/07/24,standard,Rebekah Tucker,13/05/2024,24/05/2024,good,good,good,good,good,1
80535,oldham,https://files.ofsted.gov.uk/v1/file/50059651,children's services inspection - 04 march 2019.pdf,04/03/19,standard,Paula Thomson -Jones,21/01/2019,01/02/2019,requires improvement,requires improvement,requires improvement,requires improvement,inspection_pre_dates_judgement,1
80535,oldham,https://files.ofsted.gov.uk/v1/file/50004301,children's services inspection - 03 august 2015.pdf,03/08/15,,,,,,data_unreadable,data_unreadable,data_unreadable,data_unreadable,1
80536,oxfordshire,https://files.ofsted.gov.uk/v1/file/50243682,children's services inspection - 09 april 2024.pdf,09/04/24,standard,Nicki Shaw,12/02/2024,23/02/2024,good,good,good,good,good,1
80536,oxfordshire,https://files.ofsted.gov.uk/v1/file/50004449,children's services inspection - 22 may 2018.pdf,22/05/18,short,Donna Marriott,16/04/2018,20/04/2018,good,good,requires improvement,requires improvement,inspection_pre_dates_judgement,1
80536,oxfordshire,https://files.ofsted.gov.uk/v1/file/2762428,children's services inspection - 30 june 2014.pdf,30/06/14,,,,,,data_unreadable,data_unreadable,data_unreadable,data_unreadable,1
80537,peterborough,https://files.ofsted.gov.uk/v1/file/50238583,children's services inspection - 30 january 2024.pdf,30/01/24,standard,Russel Breyer,27/11/2023,08/12/2023,inadequate,requires improvement,requires improvement,requires improvement,inadequate,1
80537,peterborough,https://files.ofsted.gov.uk/v1/file/50010312,children's services inspection - 06 august 2018.pdf,06/08/18,standard,Brenda McInerney,25/06/2018,06/07/2018,good,good,good,good,inspection_pre_dates_judgement,1
80537,peterborough,https://files.ofsted.gov.uk/v1/file/50004305,children's services inspection - 18 september 2015.pdf,18/09/15,,,,,,data_unreadable,data_unreadable,data_unreadable,data_unreadable,1
80538,plymouth,https://files.ofsted.gov.uk/v1/file/50241802,children's services inspection - 15 march 2024.pdf,15/03/24,standard,Tracey Ledder,22/01/2024,02/02/2024,requires improvement,requires improvement,requires improvement,requires improvement,requires improvement,1
80538,plymouth,https://files.ofsted.gov.uk/v1/file/50048230,children's services inspection - 07 january 2019.pdf,07/01/19,standard,Nicola Bennett,29/10/2018,09/11/2018,requires improvement,requires improvement,requires improvement,requires improvement,inspection_pre_dates_judgement,1
80538,plymouth,https://files.ofsted.gov.uk/v1/file/2762344,children's services inspection - 06 january 2015.pdf,06/01/15,,,,,,data_unreadable,data_unreadable,data_unreadable,data_unreadable,1
80539,portsmouth,https://files.ofsted.gov.uk/v1/file/50221956,children's services inspection - 03 july 2023.pdf,03/07/23,short,Christine Kennet,15/05/2023,19/05/2023,good,good,outstanding,good,requires improvement,1
80539,portsmouth,https://files.ofsted.gov.uk/v1/file/50032279,children's services inspection - 15 october 2018.pdf,15/10/18,standard,Linda Steele,03/09/2018,14/09/2018,good,good,good,good,inspection_pre_dates_judgement,1
80539,portsmouth,https://files.ofsted.gov.uk/v1/file/50004280,children's services inspection - 01 september 2014.pdf,01/09/14,,,,,,data_unreadable,data_unreadable,data_unreadable,data_unreadable,1
80540,reading,https://files.ofsted.gov.uk/v1/file/50252257,children's services inspection - 12 july 2024.pdf,12/07/24,standard,Christine Kennet,22/04/2024,03/05/2024,requires improvement,requires improvement,requires improvement,good,good,1
80540,reading,https://files.ofsted.gov.uk/v1/file/50119620,children's services inspection - 28 october 2019.pdf,28/10/19,standard,Tracey Scott,16/09/2019,27/09/2019,requires improvement,requires improvement,requires improvement,requires improvement,inspection_pre_dates_judgement,1
80540,reading,https://files.ofsted.gov.uk/v1/file/2762218,children's services inspection - 05 august 2016.pdf,05/08/16,,,,,,data_unreadable,data_unreadable,data_unreadable,data_unreadable,1
80541,redcar and cleveland,https://files.ofsted.gov.uk/v1/file/50294204,children's services inspection - 28 january 2026.pdf,28/01/26,standard,Rachel Fairhurst,01/12/2025,12/12/2025,good,good,good,requires improvement,good,1
80541,redcar and cleveland,https://files.ofsted.gov.uk/v1/file/50194303,children's services inspection - 22 september 2022.pdf,22/09/22,,Jan Edwards,,,requires improvement,requires improvement,requires improvement,requires improvement,requires improvement,1
80541,redcar and cleveland,https://files.ofsted.gov.uk/v1/file/2762126,children's services inspection - 07 april 2017.pdf,07/04/17,,,,,,data_unreadable,data_unreadable,data_unreadable,data_unreadable,1
80542,rochdale,https://files.ofsted.gov.uk/v1/file/50211330,children's services inspection - 17 march 2023.pdf,17/03/23,standard,Lisa Walsh,23/01/2023,03/02/2023,requires improvement,requires improvement,requires improvement,requires improvement,requires improvement,1
80542,rochdale,https://files.ofsted.gov.uk/v1/file/50000290,children's services inspection - 12 march 2018.pdf,12/03/18,standard,Paula Thomson -Jones,29/01/2018,09/02/2018,requires improvement,requires improvement,requires improvement,requires improvement,inspection_pre_dates_judgement,1
80542,rochdale,https://files.ofsted.gov.uk/v1/file/2762042,children's services inspection - 05 december 2014.pdf,05/12/14,,,,,,data_unreadable,data_unreadable,data_unreadable,data_unreadable,1
80543,rotherham,https://files.ofsted.gov.uk/v1/file/50292638,children's services inspection - 16 december 2025.pdf,16/12/25,short,Catherine Heron,03/11/2025,07/11/2025,outstanding,outstanding,outstanding,outstanding,good,1
80543,rotherham,https://files.ofsted.gov.uk/v1/file/50190644,children's services inspection - 12 august 2022.pdf,12/08/22,short,Neil Penswick,27/06/2022,01/07/2022,good,good,good,good,inspection_pre_dates_judgement,1
80543,rotherham,https://files.ofsted.gov.uk/v1/file/2761996,children's services inspection - 29 january 2018.pdf,29/01/18,,,,,,data_unreadable,data_unreadable,data_unreadable,data_unreadable,1
80543,rotherham,https://files.ofsted.gov.uk/v1/file/50004284,children's services inspection - 19 november 2014.pdf,19/11/14,,,,,,data_unreadable,data_unreadable,data_unreadable,data_unreadable,1
80543,rotherham,https://files.ofsted.gov.uk/v1/file/50004183,children's services inspection - 10 august 2012.pdf,10/08/12,,,,,data_unreadable,data_unreadable,data_unreadable,data_unreadable,data_unreadable,1
80544,kensington and chelsea,https://files.ofsted.gov.uk/v1/file/50266093,children's services inspection - 13 january 2025.pdf,13/01/25,short,Nick Bennison,11/11/2024,15/11/2024,outstanding,outstanding,outstanding,good,outstanding,1
80544,kensington and chelsea,https://files.ofsted.gov.uk/v1/file/50116345,children's services inspection - 15 october 2019.pdf,15/10/19,short,Louise Warren,09/09/2019,13/09/2019,outstanding,outstanding,outstanding,outstanding,inspection_pre_dates_judgement,1
80544,kensington and chelsea,https://files.ofsted.gov.uk/v1/file/50004316,children's services inspection - 29 march 2016.pdf,29/03/16,,,,,,data_unreadable,data_unreadable,data_unreadable,data_unreadable,1
80545,kingston upon thames,https://files.ofsted.gov.uk/v1/file/50267803,children's services inspection - 29 january 2025.pdf,29/01/25,short,Nicki Shaw,02/12/2024,06/12/2024,outstanding,outstanding,outstanding,outstanding,outstanding,1
80545,kingston upon thames,https://files.ofsted.gov.uk/v1/file/50135439,children's services inspection - 19 december 2019.pdf,19/12/19,short,Marcie Taylor,21/10/2019,25/10/2019,outstanding,outstanding,good,outstanding,inspection_pre_dates_judgement,1
80545,kingston upon thames,https://files.ofsted.gov.uk/v1/file/50004300,children's services inspection - 03 august 2015.pdf,03/08/15,,,,,,data_unreadable,data_unreadable,data_unreadable,data_unreadable,1
80546,windsor & maidenhead,https://files.ofsted.gov.uk/v1/file/50261980,children's services inspection - 19 november 2024.pdf,19/11/24,short,Claire Beckingham,07/10/2024,11/10/2024,good,good,good,good,outstanding,1
80546,windsor & maidenhead,https://files.ofsted.gov.uk/v1/file/50146539,children's services inspection - 24 february 2020.pdf,24/02/20,standard,Maire Atherton,13/01/2020,24/01/2020,good,good,good,requires improvement,inspection_pre_dates_judgement,1
80546,windsor & maidenhead,https://files.ofsted.gov.uk/v1/file/2754178,children's services inspection - 13 may 2015.pdf,13/05/15,,,,,,data_unreadable,data_unreadable,data_unreadable,data_unreadable,1
80547,rutland,https://files.ofsted.gov.uk/v1/file/50252255,children's services inspection - 12 july 2024.pdf,12/07/24,standard,Rachel Griffiths,15/04/2024,26/04/2024,good,good,good,good,good,1
80547,rutland,https://files.ofsted.gov.uk/v1/file/50150005,children's services inspection - 15 april 2020.pdf,15/04/20,standard,Alison Smale,02/03/2020,13/03/2020,requires improvement,requires improvement,requires improvement,requires improvement,inspection_pre_dates_judgement,1
80547,rutland,https://files.ofsted.gov.uk/v1/file/2761948,children's services inspection - 13 february 2017.pdf,13/02/17,,,,,,data_unreadable,data_unreadable,data_unreadable,data_unreadable,1
80548,salford,https://files.ofsted.gov.uk/v1/file/50237003,children's services inspection - 12 january 2024.pdf,12/01/24,short,Kathryn Grindrod,06/11/2023,10/11/2023,good,outstanding,good,good,outstanding,1
80548,salford,https://files.ofsted.gov.uk/v1/file/50037489,children's services inspection - 12 november 2018.pdf,12/11/18,short,Lorna Schlechte,08/10/2018,12/10/2018,good,good,good,good,inspection_pre_dates_judgement,1
80548,salford,https://files.ofsted.gov.uk/v1/file/50004298,children's services inspection - 22 june 2015.pdf,22/06/15,,,,,,data_unreadable,data_unreadable,data_unreadable,data_unreadable,1
80549,sandwell,https://files.ofsted.gov.uk/v1/file/50291983,children's services inspection - 02 december 2025.pdf,02/12/25,standard,Monique Lindsay,13/10/2025,24/10/2025,good,good,good,good,requires improvement,1
80549,sandwell,https://files.ofsted.gov.uk/v1/file/50187562,children's services inspection - 05 july 2022.pdf,05/07/22,standard,Alison Smale,09/05/2022,20/05/2022,requires improvement,requires improvement,requires improvement,requires improvement,inspection_pre_dates_judgement,1
80549,sandwell,https://files.ofsted.gov.uk/v1/file/2755854,children's services inspection - 29 january 2018.pdf,29/01/18,,,,,,data_unreadable,data_unreadable,data_unreadable,data_unreadable,1
80549,sandwell,https://files.ofsted.gov.uk/v1/file/2755804,children's services inspection - 05 june 2015.pdf,05/06/15,,,,,,data_unreadable,data_unreadable,data_unreadable,data_unreadable,1
80549,sandwell,https://files.ofsted.gov.uk/v1/file/2761820,"children's services inspection,  pdf - 02 august 2013.pdf",02/08/13,,,,,data_unreadable,data_unreadable,data_unreadable,data_unreadable,data_unreadable,1
80550,sefton,https://files.ofsted.gov.uk/v1/file/50284335,children's services inspection - 12 august 2025.pdf,12/08/25,standard,Lisa Walsh,23/06/2025,04/07/2025,good,good,requires improvement,good,good,1
80550,sefton,https://files.ofsted.gov.uk/v1/file/50182670,children's services inspection - 09 may 2022.pdf,09/05/22,standard,Lisa Summers,21/02/2022,04/03/2022,inadequate,inadequate,inadequate,inadequate,inspection_pre_dates_judgement,1
80550,sefton,https://files.ofsted.gov.uk/v1/file/2761812,children's services inspection - 27 june 2016.pdf,27/06/16,,,,,,data_unreadable,data_unreadable,data_unreadable,data_unreadable,1
80551,sheffield,https://files.ofsted.gov.uk/v1/file/50231897,children's services inspection - 03 november 2023.pdf,03/11/23,standard,Rachel Griffiths,11/09/2023,22/09/2023,good,good,good,outstanding,good,1
80551,sheffield,https://files.ofsted.gov.uk/v1/file/50103320,children's services inspection - 27 august 2019.pdf,27/08/19,standard,Alison Smale,15/07/2019,26/07/2019,good,good,requires improvement,good,inspection_pre_dates_judgement,1
80551,sheffield,https://files.ofsted.gov.uk/v1/file/2755760,children's services inspection - 21 february 2014.pdf,21/02/14,,,,,,data_unreadable,data_unreadable,data_unreadable,data_unreadable,1
80552,shropshire,https://files.ofsted.gov.uk/v1/file/50284334,children's services inspection - 12 august 2025.pdf,12/08/25,standard,Jenny -ellen Scotland,23/06/2025,04/07/2025,outstanding,outstanding,outstanding,outstanding,good,1
80552,shropshire,https://files.ofsted.gov.uk/v1/file/50180006,children's services inspection - 25 march 2022.pdf,25/03/22,short,John Roughton,07/02/2022,11/02/2022,good,good,requires improvement,good,inspection_pre_dates_judgement,1
80552,shropshire,https://files.ofsted.gov.uk/v1/file/2755718,children's services inspection - 24 november 2017.pdf,24/11/17,,,,,,data_unreadable,data_unreadable,data_unreadable,data_unreadable,1
80553,slough,https://files.ofsted.gov.uk/v1/file/50211331,children's services inspection - 17 march 2023.pdf,17/03/23,standard,Amanda Maxwell,23/01/2023,03/02/2023,requires improvement,inadequate,requires improvement,requires improvement,requires improvement,1
80553,slough,https://files.ofsted.gov.uk/v1/file/50059652,children's services inspection - 04 march 2019.pdf,04/03/19,standard,Donna Marriott,21/01/2019,01/02/2019,requires improvement,requires improvement,requires improvement,requires improvement,inspection_pre_dates_judgement,1
80553,slough,https://files.ofsted.gov.uk/v1/file/2755672,children's services inspection - 17 february 2016.pdf,17/02/16,,,,,,data_unreadable,data_unreadable,data_unreadable,data_unreadable,1
80553,slough,https://files.ofsted.gov.uk/v1/file/2761636,children's services inspection - 14 february 2014.pdf,14/02/14,,,,,,data_unreadable,data_unreadable,data_unreadable,data_unreadable,1
80554,solihull,https://files.ofsted.gov.uk/v1/file/50293398,children's services inspection - 12 january 2026.pdf,12/01/26,standard,Steve Bailey,03/11/2025,14/11/2025,good,good,good,requires improvement,good,1
80554,solihull,https://files.ofsted.gov.uk/v1/file/50204405,children's services inspection - 13 january 2023.pdf,13/01/23,standard,Victoria Horsefield,31/10/2022,11/11/2022,inadequate,inadequate,inadequate,inadequate,inspection_pre_dates_judgement,1
80554,solihull,https://files.ofsted.gov.uk/v1/file/50141244,children's services inspection - 09 january 2020.pdf,09/01/20,standard,Peter McEntee,11/11/2019,22/11/2019,requires improvement,requires improvement,requires improvement,good,inspection_pre_dates_judgement,1
80554,solihull,https://files.ofsted.gov.uk/v1/file/2755626,children's services inspection - 07 july 2016.pdf,07/07/16,,,,,,data_unreadable,data_unreadable,data_unreadable,data_unreadable,1
80555,somerset,https://files.ofsted.gov.uk/v1/file/50304387,children's services inspection - 17 june 2026.pdf,17/06/26,short,Alison Smale,27/04/2026,01/05/2026,not_reported_post_reform,requires improvement,requires improvement,requires improvement,good,1
80555,somerset,https://files.ofsted.gov.uk/v1/file/50192873,children's services inspection - 21 september 2022.pdf,21/09/22,standard,Kendra Bell,18/07/2022,29/07/2022,good,good,good,good,inspection_pre_dates_judgement,1
80555,somerset,https://files.ofsted.gov.uk/v1/file/2761596,children's services inspection - 29 january 2018.pdf,29/01/18,,,,,,data_unreadable,data_unreadable,data_unreadable,data_unreadable,1
80555,somerset,https://files.ofsted.gov.uk/v1/file/2755542,children's services inspection - 27 march 2015.pdf,27/03/15,,,,,,data_unreadable,data_unreadable,data_unreadable,data_unreadable,1
80556,south gloucestershire,https://files.ofsted.gov.uk/v1/file/50253185,children's services inspection - 23 july 2024.pdf,23/07/24,standard,Anna Gravelle,03/06/2024,14/06/2024,good,good,good,good,good,1
80556,south gloucestershire,https://files.ofsted.gov.uk/v1/file/50074950,children's services inspection - 08 may 2019.pdf,08/05/19,standard,Emmy Tomsett,04/03/2019,15/03/2019,requires improvement,requires improvement,requires improvement,requires improvement,inspection_pre_dates_judgement,1
80556,south gloucestershire,https://files.ofsted.gov.uk/v1/file/2755422,children's services inspection - 13 february 2017.pdf,13/02/17,,,,,,data_unreadable,data_unreadable,data_unreadable,data_unreadable,1
80557,south tyneside,https://files.ofsted.gov.uk/v1/file/50216273,children's services inspection - 10 may 2023.pdf,10/05/23,short,Rebecca Quested,05/12/2022,09/12/2022,inadequate,inadequate,requires improvement,inadequate,inspection_pre_dates_judgement,1
80557,south tyneside,https://files.ofsted.gov.uk/v1/file/2761390,children's services inspection - 24 november 2017.pdf,24/11/17,,,,,,data_unreadable,data_unreadable,data_unreadable,data_unreadable,1
80558,southampton,https://files.ofsted.gov.uk/v1/file/50224705,children's services inspection - 28 july 2023.pdf,28/07/23,standard,Tom Anthony,05/06/2023,16/06/2023,good,outstanding,good,good,good,1
80558,southampton,https://files.ofsted.gov.uk/v1/file/50141245,children's services inspection - 09 january 2020.pdf,09/01/20,standard,Nick Stacey,18/11/2019,29/11/2019,requires improvement,requires improvement,requires improvement,requires improvement,inspection_pre_dates_judgement,1
80558,southampton,https://files.ofsted.gov.uk/v1/file/2761550,children's services inspection - 15 september 2014.pdf,15/09/14,,,,,,data_unreadable,data_unreadable,data_unreadable,data_unreadable,1
80559,southend-on-sea,https://files.ofsted.gov.uk/v1/file/50263392,children's services inspection - 03 december 2024.pdf,03/12/24,standard,Margaret Burke,14/10/2024,25/10/2024,good,good,good,requires improvement,good,1
80559,southend-on-sea,https://files.ofsted.gov.uk/v1/file/50103322,children's services inspection - 27 august 2019.pdf,27/08/19,standard,Brenda McInerney,15/07/2019,26/07/2019,,requires improvement,to requires improvement,requires improvement,inspection_pre_dates_judgement,1
80559,southend-on-sea,https://files.ofsted.gov.uk/v1/file/2755502,children's services inspection - 07 july 2016.pdf,07/07/16,,,,,,data_unreadable,data_unreadable,data_unreadable,data_unreadable,1
80560,st helens,https://files.ofsted.gov.uk/v1/file/50227184,children's services inspection - 04 september 2023.pdf,04/09/23,standard,Russel Breyer,10/07/2023,21/07/2023,good,good,good,requires improvement,good,1
80560,st helens,https://files.ofsted.gov.uk/v1/file/50121476,children's services inspection - 04 november 2019.pdf,04/11/19,standard,Lorna Schlechte,23/09/2019,04/10/2019,inadequate,requires improvement,requires improvement,inadequate,inspection_pre_dates_judgement,1
80560,st helens,https://files.ofsted.gov.uk/v1/file/2755162,children's services inspection - 20 january 2015.pdf,20/01/15,,,,,,data_unreadable,data_unreadable,data_unreadable,data_unreadable,1
80561,staffordshire,https://files.ofsted.gov.uk/v1/file/50237007,children's services inspection - 12 january 2024.pdf,12/01/24,short,Alison Smale,06/11/2023,10/11/2023,requires improvement,requires improvement,requires improvement,good,requires improvement,1
80561,staffordshire,https://files.ofsted.gov.uk/v1/file/50061231,children's services inspection - 11 march 2019.pdf,11/03/19,short,Alison Smale,04/02/2019,08/02/2019,good,good,requires improvement,good,inspection_pre_dates_judgement,1
80561,staffordshire,https://files.ofsted.gov.uk/v1/file/2761346,children's services inspection - 21 march 2014.pdf,21/03/14,,,,,,data_unreadable,data_unreadable,data_unreadable,data_unreadable,1
80562,stockport,https://files.ofsted.gov.uk/v1/file/50282103,children's services inspection - 15 july 2025.pdf,15/07/25,standard,Lisa Summers,12/05/2025,23/05/2025,requires improvement,requires improvement,requires improvement,requires improvement,good,1
80562,stockport,https://files.ofsted.gov.uk/v1/file/50183764,children's services inspection - 18 may 2022.pdf,18/05/22,short,Lorna Schlechte,28/03/2022,01/04/2022,good,good,good,good,inspection_pre_dates_judgement,1
80562,stockport,https://files.ofsted.gov.uk/v1/file/2755292,children's services inspection - 25 august 2017.pdf,25/08/17,,,,,,data_unreadable,data_unreadable,data_unreadable,data_unreadable,1
80563,stockton-on-tees,https://files.ofsted.gov.uk/v1/file/50215915,children's services inspection - 09 may 2023.pdf,09/05/23,standard,Joanna Warburton,06/03/2023,17/03/2023,requires improvement,requires improvement,requires improvement,requires improvement,requires improvement,1
80563,stockton-on-tees,https://files.ofsted.gov.uk/v1/file/50088887,children's services inspection - 01 july 2019.pdf,01/07/19,short,Matt Reed,20/05/2019,24/05/2019,requires improvement,requires improvement,requires improvement,requires improvement,inspection_pre_dates_judgement,1
80563,stockton-on-tees,https://files.ofsted.gov.uk/v1/file/2761258,children's services inspection - 05 august 2016.pdf,05/08/16,,,,,,data_unreadable,data_unreadable,data_unreadable,data_unreadable,1
80564,stoke-on-trent,https://files.ofsted.gov.uk/v1/file/50282104,children's services inspection - 15 july 2025.pdf,15/07/25,standard,John Roughton,12/05/2025,23/05/2025,requires improvement,requires improvement,requires improvement,good,requires improvement,1
80564,stoke-on-trent,https://files.ofsted.gov.uk/v1/file/50200027,children's services inspection - 25 november 2022.pdf,25/11/22,standard,,03/10/2022,14/10/2022,requires improvement,requires improvement,requires improvement,good,inspection_pre_dates_judgement,1
80564,stoke-on-trent,https://files.ofsted.gov.uk/v1/file/50063436,children's services inspection - 18 march 2019.pdf,18/03/19,standard,Neil Penswick,04/02/2019,15/02/2019,inadequate,inadequate,inadequate,inadequate,inspection_pre_dates_judgement,1
80564,stoke-on-trent,https://files.ofsted.gov.uk/v1/file/2761216,children's services inspection - 12 august 2015.pdf,12/08/15,,,,,,data_unreadable,data_unreadable,data_unreadable,data_unreadable,1
80565,suffolk,https://files.ofsted.gov.uk/v1/file/50255285,children's services inspection - 21 august 2024.pdf,21/08/24,short,Rebecca Quested,03/06/2024,07/06/2024,requires improvement,requires improvement,requires improvement,good,requires improvement,1
80565,suffolk,https://files.ofsted.gov.uk/v1/file/50078713,children's services inspection - 21 may 2019.pdf,21/05/19,short,Margaret Burke,08/04/2019,12/04/2019,outstanding,outstanding,outstanding,good,inspection_pre_dates_judgement,1
80565,suffolk,https://files.ofsted.gov.uk/v1/file/2755120,children's services inspection - 11 february 2016.pdf,11/02/16,,,,,,data_unreadable,data_unreadable,data_unreadable,data_unreadable,1
80566,sunderland,https://files.ofsted.gov.uk/v1/file/50271150,children's services inspection - 11 march 2025.pdf,11/03/25,short,Louise Walker,27/01/2025,31/01/2025,outstanding,outstanding,outstanding,outstanding,good,1
80566,sunderland,https://files.ofsted.gov.uk/v1/file/50168072,children's services inspection - 20 august 2021.pdf,20/08/21,standard,Neil Penswick,28/06/2021,09/07/2021,outstanding,outstanding,good,outstanding,inspection_pre_dates_judgement,1
80566,sunderland,https://files.ofsted.gov.uk/v1/file/50007818,children's services inspection - 25 july 2018.pdf,25/07/18,,,,,,data_unreadable,data_unreadable,data_unreadable,data_unreadable,1
80566,sunderland,https://files.ofsted.gov.uk/v1/file/2755078,children's services inspection - 20 july 2015.pdf,20/07/15,,,,,,data_unreadable,data_unreadable,data_unreadable,data_unreadable,1
80567,surrey,https://files.ofsted.gov.uk/v1/file/50276410,children's services inspection - 09 may 2025.pdf,09/05/25,standard,Rachel Griffiths,17/03/2025,28/03/2025,good,good,good,good,good,1
80567,surrey,https://files.ofsted.gov.uk/v1/file/50178857,children's services inspection - 09 march 2022.pdf,09/03/22,standard,Alison Smale,17/01/2022,28/01/2022,requires improvement,requires improvement,requires improvement,requires improvement,inspection_pre_dates_judgement,1
80567,surrey,https://files.ofsted.gov.uk/v1/file/50004443,children's services inspection - 16 may 2018.pdf,16/05/18,,,,,,data_unreadable,data_unreadable,data_unreadable,data_unreadable,1
80567,surrey,https://files.ofsted.gov.uk/v1/file/50004302,children's services inspection - 03 august 2015.pdf,03/08/15,,,,,data_unreadable,data_unreadable,data_unreadable,data_unreadable,data_unreadable,1
80567,surrey,https://files.ofsted.gov.uk/v1/file/50004296,children's services inspection - 03 june 2015.pdf,03/06/15,,,,,,data_unreadable,data_unreadable,data_unreadable,data_unreadable,1
80568,swindon,https://files.ofsted.gov.uk/v1/file/50227724,children's services inspection - 11 september 2023.pdf,11/09/23,standard,Nick Bennison,17/07/2023,28/07/2023,inadequate,inadequate,inadequate,inadequate,requires improvement,1
80568,swindon,https://files.ofsted.gov.uk/v1/file/50099939,children's services inspection - 12 august 2019.pdf,12/08/19,standard,Emmy Tomsett,01/07/2019,12/07/2019,good,good,good,requires improvement,inspection_pre_dates_judgement,1
80568,swindon,https://files.ofsted.gov.uk/v1/file/50004267,children's services inspection - 23 may 2014.pdf,23/05/14,,,,,,data_unreadable,data_unreadable,data_unreadable,data_unreadable,1
80569,tameside,https://files.ofsted.gov.uk/v1/file/50239562,children's services inspection - 13 february 2024.pdf,13/02/24,standard,,04/12/2023,15/12/2023,inadequate,inadequate,inadequate,inadequate,requires improvement,1
80569,tameside,https://files.ofsted.gov.uk/v1/file/50088888,children's services inspection - 01 july 2019.pdf,01/07/19,standard,Dominic Stevens,13/05/2019,24/05/2019,requires improvement,requires improvement,requires improvement,requires improvement,inspection_pre_dates_judgement,1
80569,tameside,https://files.ofsted.gov.uk/v1/file/2760910,children's services inspection - 09 december 2016.pdf,09/12/16,,,,,,data_unreadable,data_unreadable,data_unreadable,data_unreadable,1
80570,telford & wrekin,https://files.ofsted.gov.uk/v1/file/50252260,children's services inspection - 12 july 2024.pdf,12/07/24,short,Rebecca Quested,29/04/2024,03/05/2024,outstanding,outstanding,good,outstanding,outstanding,1
80570,telford & wrekin,https://files.ofsted.gov.uk/v1/file/50147381,children's services inspection - 02 march 2020.pdf,02/03/20,standard,Alison Smale,20/01/2020,31/01/2020,outstanding,outstanding,good,outstanding,inspection_pre_dates_judgement,1
80570,telford & wrekin,https://files.ofsted.gov.uk/v1/file/50004335,children's services inspection - 26 august 2016.pdf,26/08/16,,,,,,data_unreadable,data_unreadable,data_unreadable,data_unreadable,1
80571,thurrock,https://files.ofsted.gov.uk/v1/file/50260250,children's services inspection - 29 october 2024.pdf,29/10/24,short,Rachel Griffiths,16/09/2024,20/09/2024,outstanding,outstanding,outstanding,outstanding,outstanding,1
80571,thurrock,https://files.ofsted.gov.uk/v1/file/50135827,children's services inspection - 20 december 2019.pdf,20/12/19,standard,Brenda McLaughlin,11/11/2019,22/11/2019,good,good,good,good,inspection_pre_dates_judgement,1
80571,thurrock,https://files.ofsted.gov.uk/v1/file/50004324,children's services inspection - 24 may 2016.pdf,24/05/16,,,,,,data_unreadable,data_unreadable,data_unreadable,data_unreadable,1
80572,torbay,https://files.ofsted.gov.uk/v1/file/50295967,children's services inspection - 24 february 2026.pdf,24/02/26,short,Steve Lowe,12/01/2026,16/01/2026,good,good,good,good,good,1
80572,torbay,https://files.ofsted.gov.uk/v1/file/50183765,children's services inspection - 18 may 2022.pdf,18/05/22,standard,Andy Whippey,21/03/2022,01/04/2022,good,good,good,good,inspection_pre_dates_judgement,1
80572,torbay,https://files.ofsted.gov.uk/v1/file/50015174,children's services inspection - 24 august 2018.pdf,24/08/18,,,,,,data_unreadable,data_unreadable,data_unreadable,data_unreadable,1
80572,torbay,https://files.ofsted.gov.uk/v1/file/2760784,children's services inspection - 05 january 2016.pdf,05/01/16,,,,,,data_unreadable,data_unreadable,data_unreadable,data_unreadable,1
80573,trafford,https://files.ofsted.gov.uk/v1/file/50206433,children's services inspection - 31 january 2023.pdf,31/01/23,standard,Nick Bennison,21/11/2022,02/12/2022,requires improvement,requires improvement,requires improvement,requires improvement,inspection_pre_dates_judgement,1
80573,trafford,https://files.ofsted.gov.uk/v1/file/50074947,children's services inspection - 08 may 2019.pdf,08/05/19,short,Paula Thomson -Jones,04/03/2019,08/03/2019,inadequate,inadequate,requires improvement,requires improvement,inspection_pre_dates_judgement,1
80573,trafford,https://files.ofsted.gov.uk/v1/file/50004293,children's services inspection - 12 may 2015.pdf,12/05/15,,,,,,data_unreadable,data_unreadable,data_unreadable,data_unreadable,1
80574,walsall,https://files.ofsted.gov.uk/v1/file/50281396,children's services inspection - 08 july 2025.pdf,08/07/25,short,Nick Bennison,12/05/2025,16/05/2025,outstanding,outstanding,good,outstanding,good,1
80574,walsall,https://files.ofsted.gov.uk/v1/file/50172854,children's services inspection - 26 november 2021.pdf,26/11/21,standard,Julie Knight,04/10/2021,15/10/2021,good,good,requires improvement,good,inspection_pre_dates_judgement,1
80574,walsall,https://files.ofsted.gov.uk/v1/file/2760616,children's services inspection - 04 september 2017.pdf,04/09/17,,,,,,data_unreadable,data_unreadable,data_unreadable,data_unreadable,1
80575,warrington,https://files.ofsted.gov.uk/v1/file/50253719,children's services inspection - 30 july 2024.pdf,30/07/24,short,Lisa Walsh,10/06/2024,14/06/2024,good,outstanding,good,outstanding,good,1
80575,warrington,https://files.ofsted.gov.uk/v1/file/50101635,children's services inspection - 19 august 2019.pdf,19/08/19,standard,Nick Stacey,08/07/2019,19/07/2019,good,good,good,good,inspection_pre_dates_judgement,1
80575,warrington,https://files.ofsted.gov.uk/v1/file/2760436,children's services inspection - 12 may 2015.pdf,12/05/15,,,,,,data_unreadable,data_unreadable,data_unreadable,data_unreadable,1
80576,warwickshire,https://files.ofsted.gov.uk/v1/file/50289041,children's services inspection - 14 october 2025.pdf,14/10/25,short,,02/06/2025,06/06/2025,requires improvement,requires improvement,requires improvement,requires improvement,good,1
80576,warwickshire,https://files.ofsted.gov.uk/v1/file/50176757,children's services inspection - 01 february 2022.pdf,01/02/22,standard,Alison Smale,22/11/2021,03/12/2021,good,good,good,good,inspection_pre_dates_judgement,1
80576,warwickshire,https://files.ofsted.gov.uk/v1/file/2754428,children's services inspection - 14 july 2017.pdf,14/07/17,,,,,,data_unreadable,data_unreadable,data_unreadable,data_unreadable,1
80577,west berkshire,https://files.ofsted.gov.uk/v1/file/50290038,children's services inspection - 28 october 2025.pdf,28/10/25,short,Rodica Cobarzan,15/09/2025,19/09/2025,good,good,good,good,good,1
80577,west berkshire,https://files.ofsted.gov.uk/v1/file/50182484,children's services inspection - 04 may 2022.pdf,04/05/22,short,Máire Atherton,14/03/2022,18/03/2022,good,good,good,good,inspection_pre_dates_judgement,1
80577,west berkshire,https://files.ofsted.gov.uk/v1/file/2760354,children's services inspection - 07 july 2017.pdf,07/07/17,,,,,,data_unreadable,data_unreadable,data_unreadable,data_unreadable,1
80577,west berkshire,https://files.ofsted.gov.uk/v1/file/2760314,children's services inspection - 18 may 2015.pdf,18/05/15,,,,,,data_unreadable,data_unreadable,data_unreadable,data_unreadable,1
80578,west sussex,https://files.ofsted.gov.uk/v1/file/50216276,children's services inspection - 11 may 2023.pdf,11/05/23,standard,Maire Atherton,13/03/2023,24/03/2023,requires improvement,good,requires improvement,good,requires improvement,1
80578,west sussex,https://files.ofsted.gov.uk/v1/file/50074949,children's services inspection - 08 may 2019.pdf,08/05/19,standard,Linda Steele,25/02/2019,08/03/2019,inadequate,inadequate,inadequate,inadequate,inspection_pre_dates_judgement,1
80578,west sussex,https://files.ofsted.gov.uk/v1/file/2754306,children's services inspection - 20 january 2016.pdf,20/01/16,,,,,,data_unreadable,data_unreadable,data_unreadable,data_unreadable,1
80579,wigan,https://files.ofsted.gov.uk/v1/file/50291724,children's services inspection - 26 november 2025.pdf,26/11/25,standard,Jenny -ellen Scotland,06/10/2025,17/10/2025,good,good,requires improvement,outstanding,outstanding,1
80579,wigan,https://files.ofsted.gov.uk/v1/file/50187563,children's services inspection - 05 july 2022.pdf,05/07/22,standard,Lorna Schlechte,09/05/2022,20/05/2022,requires improvement,requires improvement,requires improvement,requires improvement,inspection_pre_dates_judgement,1
80579,wigan,https://files.ofsted.gov.uk/v1/file/2760270,children's services inspection - 31 march 2017.pdf,31/03/17,,,,,,data_unreadable,data_unreadable,data_unreadable,data_unreadable,1
80580,wiltshire,https://files.ofsted.gov.uk/v1/file/50235241,children's services inspection - 12 december 2023.pdf,12/12/23,short,Kendra Bell,25/09/2023,29/09/2023,outstanding,outstanding,good,outstanding,outstanding,1
80580,wiltshire,https://files.ofsted.gov.uk/v1/file/50094565,children's services inspection - 22 july 2019.pdf,22/07/19,inspection duration longer than standard framework,Steve Lowe,03/06/2019,19/06/2019,good,good,good,good,inspection_pre_dates_judgement,1
80580,wiltshire,https://files.ofsted.gov.uk/v1/file/2754222,children's services inspection - 01 september 2015.pdf,01/09/15,,,,,,data_unreadable,data_unreadable,data_unreadable,data_unreadable,1
80581,wirral,https://files.ofsted.gov.uk/v1/file/50238913,children's services inspection - 02 february 2024.pdf,02/02/24,standard,Teresa Godfrey,18/09/2023,29/09/2023,requires improvement,requires improvement,requires improvement,requires improvement,requires improvement,1
80581,wirral,https://files.ofsted.gov.uk/v1/file/50096454,children's services inspection - 29 july 2019.pdf,29/07/19,standard,Paula Thomson -Jones,17/06/2019,28/06/2019,requires improvement,good,requires improvement,requires improvement,inspection_pre_dates_judgement,1
80581,wirral,https://files.ofsted.gov.uk/v1/file/2756076,children's services inspection - 20 september 2016.pdf,20/09/16,,,,,,data_unreadable,data_unreadable,data_unreadable,data_unreadable,1
80582,wokingham,https://files.ofsted.gov.uk/v1/file/50215917,children's services inspection - 09 may 2023.pdf,09/05/23,standard,Tom Anthony,06/03/2023,17/03/2023,requires improvement,requires improvement,requires improvement,good,requires improvement,1
80582,wokingham,https://files.ofsted.gov.uk/v1/file/50092686,children's services inspection - 15 july 2019.pdf,15/07/19,standard,Nigel Parkes,03/06/2019,14/06/2019,requires improvement,requires improvement,requires improvement,requires improvement,inspection_pre_dates_judgement,1
80582,wokingham,https://files.ofsted.gov.uk/v1/file/2756032,children's services inspection - 05 january 2016.pdf,05/01/16,,,,,,data_unreadable,data_unreadable,data_unreadable,data_unreadable,1
80583,wolverhampton,https://files.ofsted.gov.uk/v1/file/50304388,children's services inspection - 18 june 2026.pdf,18/06/26,short,Alison Smale,26/01/2026,30/01/2026,good,good,requires improvement,outstanding,outstanding,1
80583,wolverhampton,https://files.ofsted.gov.uk/v1/file/50183766,children's services inspection - 18 may 2022.pdf,18/05/22,short,Andy Waugh,28/03/2022,01/04/2022,good,outstanding,good,good,inspection_pre_dates_judgement,1
80583,wolverhampton,https://files.ofsted.gov.uk/v1/file/2755990,children's services inspection - 31 march 2017.pdf,31/03/17,,,,,,data_unreadable,data_unreadable,data_unreadable,data_unreadable,1
80584,worcestershire,https://files.ofsted.gov.uk/v1/file/50223271,children's services inspection - 14 july 2023.pdf,14/07/23,standard,Rebecca Quested,15/05/2023,26/05/2023,good,good,good,requires improvement,good,1
80584,worcestershire,https://files.ofsted.gov.uk/v1/file/50096455,children's services inspection - 29 july 2019.pdf,29/07/19,standard,Peter McEntee,17/06/2019,28/06/2019,requires improvement,requires improvement,requires improvement,requires improvement,inspection_pre_dates_judgement,1
80584,worcestershire,https://files.ofsted.gov.uk/v1/file/2760020,children's services inspection - 24 january 2017.pdf,24/01/17,,,,,,data_unreadable,data_unreadable,data_unreadable,data_unreadable,1
